date,county,fips,confirmed_cases,deaths,new_confirmed_cases,new_deaths
1/26/20,Alameda,1,0,0,,
1/31/20,Alameda,1,0,0,0,0
2/2/20,Alameda,1,0,0,0,0
2/20/20,Alameda,1,0,0,0,0
2/21/20,Alameda,1,0,0,0,0
2/26/20,Alameda,1,0,0,0,0
2/28/20,Alameda,1,0,0,0,0
2/29/20,Alameda,1,0,0,0,0
3/1/20,Alameda,1,1,0,1,0
3/2/20,Alameda,1,1,0,0,0
3/3/20,Alameda,1,2,0,1,0
3/4/20,Alameda,1,2,0,0,0
3/5/20,Alameda,1,2,0,0,0
3/6/20,Alameda,1,3,0,1,0
3/7/20,Alameda,1,3,0,0,0
3/8/20,Alameda,1,3,0,0,0
3/9/20,Alameda,1,3,0,0,0
3/10/20,Alameda,1,5,0,2,0
3/11/20,Alameda,1,5,0,0,0
3/12/20,Alameda,1,9,0,4,0
3/13/20,Alameda,1,9,0,0,0
3/14/20,Alameda,1,10,0,1,0
3/15/20,Alameda,1,18,0,8,0
3/16/20,Alameda,1,21,0,3,0
3/17/20,Alameda,1,30,0,9,0
3/18/20,Alameda,1,34,0,4,0
3/19/20,Alameda,1,38,0,4,0
3/20/20,Alameda,1,50,0,12,0
3/21/20,Alameda,1,71,0,21,0
3/22/20,Alameda,1,105,0,34,0
3/23/20,Alameda,1,122,1,17,1
3/24/20,Alameda,1,135,2,13,1
3/25/20,Alameda,1,135,2,0,0
3/26/20,Alameda,1,178,4,43,2
3/27/20,Alameda,1,220,4,42,0
3/28/20,Alameda,1,256,6,36,2
3/29/20,Alameda,1,270,7,14,1
3/30/20,Alameda,1,283,7,13,0
3/31/20,Alameda,1,313,7,30,0
4/1/20,Alameda,1,359,8,46,1
4/2/20,Alameda,1,396,9,37,1
4/3/20,Alameda,1,443,12,47,3
4/4/20,Alameda,1,537,12,94,0
4/5/20,Alameda,1,566,12,29,0
4/6/20,Alameda,1,588,13,22,1
4/7/20,Alameda,1,634,15,46,2
4/8/20,Alameda,1,674,16,40,1
4/9/20,Alameda,1,715,17,41,1
4/10/20,Alameda,1,768,20,53,3
4/11/20,Alameda,1,808,21,40,1
4/12/20,Alameda,1,845,23,37,2
4/13/20,Alameda,1,888,23,43,0
4/14/20,Alameda,1,887,23,-1,0
4/15/20,Alameda,1,964,36,77,13
4/16/20,Alameda,1,1009,39,45,3
4/17/20,Alameda,1,1063,40,54,1
4/18/20,Alameda,1,1114,41,51,1
4/19/20,Alameda,1,1164,42,50,1
4/20/20,Alameda,1,1193,42,29,0
4/21/20,Alameda,1,1241,43,48,1
4/22/20,Alameda,1,1282,45,41,2
4/23/20,Alameda,1,1352,46,70,1
4/24/20,Alameda,1,1403,48,51,2
4/25/20,Alameda,1,1439,52,36,4
4/26/20,Alameda,1,1470,52,31,0
4/27/20,Alameda,1,1500,52,30,0
4/28/20,Alameda,1,1533,55,33,3
4/29/20,Alameda,1,1568,57,35,2
4/30/20,Alameda,1,1603,60,35,3
3/30/20,Alpine,3,1,0,,
3/31/20,Alpine,3,1,0,0,0
4/1/20,Alpine,3,1,0,0,0
4/2/20,Alpine,3,1,0,0,0
4/3/20,Alpine,3,1,0,0,0
4/4/20,Alpine,3,1,0,0,0
4/5/20,Alpine,3,1,0,0,0
4/6/20,Alpine,3,1,0,0,0
4/7/20,Alpine,3,1,0,0,0
4/8/20,Alpine,3,1,0,0,0
4/9/20,Alpine,3,1,0,0,0
4/10/20,Alpine,3,1,0,0,0
4/11/20,Alpine,3,1,0,0,0
4/12/20,Alpine,3,1,0,0,0
4/13/20,Alpine,3,1,0,0,0
4/14/20,Alpine,3,1,0,0,0
4/15/20,Alpine,3,1,0,0,0
4/16/20,Alpine,3,1,0,0,0
4/17/20,Alpine,3,1,0,0,0
4/18/20,Alpine,3,1,0,0,0
4/19/20,Alpine,3,1,0,0,0
4/20/20,Alpine,3,1,0,0,0
4/21/20,Alpine,3,1,0,0,0
4/22/20,Alpine,3,1,0,0,0
4/23/20,Alpine,3,1,0,0,0
4/24/20,Alpine,3,1,0,0,0
4/25/20,Alpine,3,1,0,0,0
4/26/20,Alpine,3,1,0,0,0
4/27/20,Alpine,3,1,0,0,0
4/28/20,Alpine,3,1,0,0,0
4/29/20,Alpine,3,1,0,0,0
4/30/20,Alpine,3,1,0,0,0
3/13/20,Amador,5,1,0,,
3/14/20,Amador,5,1,0,0,0
3/15/20,Amador,5,1,0,0,0
3/16/20,Amador,5,1,0,0,0
3/17/20,Amador,5,1,0,0,0
3/18/20,Amador,5,1,0,0,0
3/19/20,Amador,5,1,0,0,0
3/20/20,Amador,5,1,0,0,0
3/21/20,Amador,5,2,0,1,0
3/22/20,Amador,5,2,0,0,0
3/23/20,Amador,5,2,0,0,0
3/24/20,Amador,5,2,0,0,0
3/25/20,Amador,5,2,0,0,0
3/26/20,Amador,5,2,0,0,0
3/27/20,Amador,5,2,0,0,0
3/28/20,Amador,5,2,0,0,0
3/29/20,Amador,5,2,0,0,0
3/30/20,Amador,5,2,0,0,0
3/31/20,Amador,5,2,0,0,0
4/1/20,Amador,5,3,0,1,0
4/2/20,Amador,5,3,0,0,0
4/3/20,Amador,5,3,0,0,0
4/4/20,Amador,5,3,0,0,0
4/5/20,Amador,5,3,0,0,0
4/6/20,Amador,5,3,0,0,0
4/7/20,Amador,5,3,0,0,0
4/8/20,Amador,5,3,0,0,0
4/9/20,Amador,5,7,0,4,0
4/10/20,Amador,5,7,0,0,0
4/11/20,Amador,5,7,0,0,0
4/12/20,Amador,5,7,0,0,0
4/13/20,Amador,5,7,0,0,0
4/14/20,Amador,5,7,0,0,0
4/15/20,Amador,5,7,0,0,0
4/16/20,Amador,5,7,0,0,0
4/17/20,Amador,5,7,0,0,0
4/18/20,Amador,5,7,0,0,0
4/19/20,Amador,5,7,0,0,0
4/20/20,Amador,5,7,0,0,0
4/21/20,Amador,5,8,0,1,0
4/22/20,Amador,5,8,0,0,0
4/23/20,Amador,5,8,0,0,0
4/24/20,Amador,5,8,0,0,0
4/25/20,Amador,5,8,0,0,0
4/26/20,Amador,5,8,0,0,0
4/27/20,Amador,5,8,0,0,0
4/28/20,Amador,5,8,0,0,0
4/29/20,Amador,5,8,0,0,0
4/30/20,Amador,5,8,0,0,0
3/21/20,Butte,7,1,0,,
3/22/20,Butte,7,2,0,1,0
3/23/20,Butte,7,3,0,1,0
3/24/20,Butte,7,4,0,1,0
3/25/20,Butte,7,4,0,0,0
3/26/20,Butte,7,5,0,1,0
3/27/20,Butte,7,5,0,0,0
3/28/20,Butte,7,5,0,0,0
3/29/20,Butte,7,5,0,0,0
3/30/20,Butte,7,8,0,3,0
3/31/20,Butte,7,8,0,0,0
4/1/20,Butte,7,9,0,1,0
4/2/20,Butte,7,10,0,1,0
4/3/20,Butte,7,11,0,1,0
4/4/20,Butte,7,11,0,0,0
4/5/20,Butte,7,11,0,0,0
4/6/20,Butte,7,12,0,1,0
4/7/20,Butte,7,13,0,1,0
4/8/20,Butte,7,13,0,0,0
4/9/20,Butte,7,13,0,0,0
4/10/20,Butte,7,14,0,1,0
4/11/20,Butte,7,14,0,0,0
4/12/20,Butte,7,14,0,0,0
4/13/20,Butte,7,15,0,1,0
4/14/20,Butte,7,16,0,1,0
4/15/20,Butte,7,16,0,0,0
4/16/20,Butte,7,16,0,0,0
4/17/20,Butte,7,16,0,0,0
4/18/20,Butte,7,16,0,0,0
4/19/20,Butte,7,16,0,0,0
4/20/20,Butte,7,16,0,0,0
4/21/20,Butte,7,16,0,0,0
4/22/20,Butte,7,16,0,0,0
4/23/20,Butte,7,16,0,0,0
4/24/20,Butte,7,16,0,0,0
4/25/20,Butte,7,16,0,0,0
4/26/20,Butte,7,16,0,0,0
4/27/20,Butte,7,16,0,0,0
4/28/20,Butte,7,16,0,0,0
4/29/20,Butte,7,16,0,0,0
4/30/20,Butte,7,16,0,0,0
1/26/20,Calaveras,9,0,0,,
1/31/20,Calaveras,9,0,0,0,0
2/2/20,Calaveras,9,0,0,0,0
2/20/20,Calaveras,9,0,0,0,0
2/21/20,Calaveras,9,0,0,0,0
2/26/20,Calaveras,9,0,0,0,0
2/28/20,Calaveras,9,0,0,0,0
2/29/20,Calaveras,9,0,0,0,0
3/1/20,Calaveras,9,0,0,0,0
3/2/20,Calaveras,9,0,0,0,0
3/3/20,Calaveras,9,0,0,0,0
3/4/20,Calaveras,9,0,0,0,0
3/5/20,Calaveras,9,0,0,0,0
3/6/20,Calaveras,9,0,0,0,0
3/7/20,Calaveras,9,0,0,0,0
3/8/20,Calaveras,9,0,0,0,0
3/9/20,Calaveras,9,0,0,0,0
3/10/20,Calaveras,9,2,0,2,0
3/11/20,Calaveras,9,2,0,0,0
3/12/20,Calaveras,9,2,0,0,0
3/13/20,Calaveras,9,2,0,0,0
3/14/20,Calaveras,9,2,0,0,0
3/15/20,Calaveras,9,2,0,0,0
3/16/20,Calaveras,9,2,0,0,0
3/17/20,Calaveras,9,2,0,0,0
3/18/20,Calaveras,9,2,0,0,0
3/19/20,Calaveras,9,2,0,0,0
3/20/20,Calaveras,9,2,0,0,0
3/21/20,Calaveras,9,2,0,0,0
3/22/20,Calaveras,9,2,0,0,0
3/23/20,Calaveras,9,2,0,0,0
3/24/20,Calaveras,9,2,0,0,0
3/25/20,Calaveras,9,2,0,0,0
3/26/20,Calaveras,9,3,0,1,0
3/27/20,Calaveras,9,3,0,0,0
3/28/20,Calaveras,9,3,0,0,0
3/29/20,Calaveras,9,3,0,0,0
3/30/20,Calaveras,9,3,0,0,0
3/31/20,Calaveras,9,3,0,0,0
4/1/20,Calaveras,9,3,0,0,0
4/2/20,Calaveras,9,3,0,0,0
4/3/20,Calaveras,9,4,0,1,0
4/4/20,Calaveras,9,4,0,0,0
4/5/20,Calaveras,9,4,0,0,0
4/6/20,Calaveras,9,5,0,1,0
4/7/20,Calaveras,9,5,0,0,0
4/8/20,Calaveras,9,5,0,0,0
4/9/20,Calaveras,9,8,0,3,0
4/10/20,Calaveras,9,8,0,0,0
4/11/20,Calaveras,9,8,0,0,0
4/12/20,Calaveras,9,8,0,0,0
4/13/20,Calaveras,9,9,0,1,0
4/14/20,Calaveras,9,9,0,0,0
4/15/20,Calaveras,9,11,0,2,0
4/16/20,Calaveras,9,11,0,0,0
4/17/20,Calaveras,9,12,0,1,0
4/18/20,Calaveras,9,12,0,0,0
4/19/20,Calaveras,9,12,0,0,0
4/20/20,Calaveras,9,12,0,0,0
4/21/20,Calaveras,9,12,0,0,0
4/22/20,Calaveras,9,12,0,0,0
4/23/20,Calaveras,9,13,0,1,0
4/24/20,Calaveras,9,13,0,0,0
4/25/20,Calaveras,9,13,0,0,0
4/26/20,Calaveras,9,13,0,0,0
4/27/20,Calaveras,9,13,0,0,0
4/28/20,Calaveras,9,13,0,0,0
4/29/20,Calaveras,9,13,0,0,0
4/30/20,Calaveras,9,13,0,0,0
3/27/20,Colusa,11,1,0,,
3/28/20,Colusa,11,1,0,0,0
3/29/20,Colusa,11,1,0,0,0
3/30/20,Colusa,11,1,0,0,0
3/31/20,Colusa,11,1,0,0,0
4/1/20,Colusa,11,1,0,0,0
4/2/20,Colusa,11,1,0,0,0
4/3/20,Colusa,11,2,0,1,0
4/4/20,Colusa,11,2,0,0,0
4/5/20,Colusa,11,2,0,0,0
4/6/20,Colusa,11,3,0,1,0
4/7/20,Colusa,11,3,0,0,0
4/8/20,Colusa,11,3,0,0,0
4/9/20,Colusa,11,3,0,0,0
4/10/20,Colusa,11,3,0,0,0
4/11/20,Colusa,11,3,0,0,0
4/12/20,Colusa,11,3,0,0,0
4/13/20,Colusa,11,3,0,0,0
4/14/20,Colusa,11,3,0,0,0
4/15/20,Colusa,11,3,0,0,0
4/16/20,Colusa,11,3,0,0,0
4/17/20,Colusa,11,3,0,0,0
4/18/20,Colusa,11,3,0,0,0
4/19/20,Colusa,11,3,0,0,0
4/20/20,Colusa,11,3,0,0,0
4/21/20,Colusa,11,3,0,0,0
4/22/20,Colusa,11,3,0,0,0
4/23/20,Colusa,11,3,0,0,0
4/24/20,Colusa,11,3,0,0,0
4/25/20,Colusa,11,3,0,0,0
4/26/20,Colusa,11,3,0,0,0
4/27/20,Colusa,11,3,0,0,0
4/28/20,Colusa,11,3,0,0,0
4/29/20,Colusa,11,3,0,0,0
4/30/20,Colusa,11,3,0,0,0
1/26/20,Contra Costa,13,0,0,,
1/31/20,Contra Costa,13,0,0,0,0
2/2/20,Contra Costa,13,0,0,0,0
2/20/20,Contra Costa,13,0,0,0,0
2/21/20,Contra Costa,13,0,0,0,0
2/26/20,Contra Costa,13,0,0,0,0
2/28/20,Contra Costa,13,0,0,0,0
2/29/20,Contra Costa,13,0,0,0,0
3/1/20,Contra Costa,13,0,0,0,0
3/2/20,Contra Costa,13,0,0,0,0
3/3/20,Contra Costa,13,1,0,1,0
3/4/20,Contra Costa,13,1,0,0,0
3/5/20,Contra Costa,13,1,0,0,0
3/6/20,Contra Costa,13,4,0,3,0
3/7/20,Contra Costa,13,4,0,0,0
3/8/20,Contra Costa,13,9,0,5,0
3/9/20,Contra Costa,13,9,0,0,0
3/10/20,Contra Costa,13,10,0,1,0
3/11/20,Contra Costa,13,10,0,0,0
3/12/20,Contra Costa,13,17,0,7,0
3/13/20,Contra Costa,13,25,0,8,0
3/14/20,Contra Costa,13,29,0,4,0
3/15/20,Contra Costa,13,29,0,0,0
3/16/20,Contra Costa,13,34,0,5,0
3/17/20,Contra Costa,13,39,0,5,0
3/18/20,Contra Costa,13,41,0,2,0
3/19/20,Contra Costa,13,42,0,1,0
3/20/20,Contra Costa,13,46,1,4,1
3/21/20,Contra Costa,13,51,1,5,0
3/22/20,Contra Costa,13,61,1,10,0
3/23/20,Contra Costa,13,71,1,10,0
3/24/20,Contra Costa,13,86,1,15,0
3/25/20,Contra Costa,13,108,1,22,0
3/26/20,Contra Costa,13,131,1,23,0
3/27/20,Contra Costa,13,151,2,20,1
3/28/20,Contra Costa,13,168,3,17,1
3/29/20,Contra Costa,13,175,3,7,0
3/30/20,Contra Costa,13,187,3,12,0
3/31/20,Contra Costa,13,222,3,35,0
4/1/20,Contra Costa,13,250,3,28,0
4/2/20,Contra Costa,13,276,3,26,0
4/3/20,Contra Costa,13,307,5,31,2
4/4/20,Contra Costa,13,353,5,46,0
4/5/20,Contra Costa,13,386,6,33,1
4/6/20,Contra Costa,13,417,7,31,1
4/7/20,Contra Costa,13,442,7,25,0
4/8/20,Contra Costa,13,462,7,20,0
4/9/20,Contra Costa,13,484,8,22,1
4/10/20,Contra Costa,13,511,9,27,1
4/11/20,Contra Costa,13,530,11,19,2
4/12/20,Contra Costa,13,539,11,9,0
4/13/20,Contra Costa,13,552,11,13,0
4/14/20,Contra Costa,13,600,12,48,1
4/15/20,Contra Costa,13,615,14,15,2
4/16/20,Contra Costa,13,631,16,16,2
4/17/20,Contra Costa,13,648,19,17,3
4/18/20,Contra Costa,13,685,19,37,0
4/19/20,Contra Costa,13,693,20,8,1
4/20/20,Contra Costa,13,707,22,14,2
4/21/20,Contra Costa,13,749,22,42,0
4/22/20,Contra Costa,13,763,22,14,0
4/23/20,Contra Costa,13,770,23,7,1
4/24/20,Contra Costa,13,786,23,16,0
4/25/20,Contra Costa,13,805,25,19,2
4/26/20,Contra Costa,13,817,25,12,0
4/27/20,Contra Costa,13,820,25,3,0
4/28/20,Contra Costa,13,842,25,22,0
4/29/20,Contra Costa,13,862,25,20,0
4/30/20,Contra Costa,13,891,27,29,2
4/2/20,Del Norte,15,1,0,,
4/3/20,Del Norte,15,1,0,0,0
4/4/20,Del Norte,15,2,0,1,0
4/5/20,Del Norte,15,2,0,0,0
4/6/20,Del Norte,15,2,0,0,0
4/7/20,Del Norte,15,2,0,0,0
4/8/20,Del Norte,15,2,0,0,0
4/9/20,Del Norte,15,2,0,0,0
4/10/20,Del Norte,15,2,0,0,0
4/11/20,Del Norte,15,2,0,0,0
4/12/20,Del Norte,15,2,0,0,0
4/13/20,Del Norte,15,2,0,0,0
4/14/20,Del Norte,15,2,0,0,0
4/15/20,Del Norte,15,2,0,0,0
4/16/20,Del Norte,15,2,0,0,0
4/17/20,Del Norte,15,2,0,0,0
4/18/20,Del Norte,15,2,0,0,0
4/19/20,Del Norte,15,2,0,0,0
4/20/20,Del Norte,15,2,0,0,0
4/21/20,Del Norte,15,2,0,0,0
4/22/20,Del Norte,15,2,0,0,0
4/23/20,Del Norte,15,2,0,0,0
4/24/20,Del Norte,15,2,0,0,0
4/25/20,Del Norte,15,2,0,0,0
4/26/20,Del Norte,15,3,0,1,0
4/27/20,Del Norte,15,3,0,0,0
4/28/20,Del Norte,15,3,0,0,0
4/29/20,Del Norte,15,3,0,0,0
4/30/20,Del Norte,15,3,0,0,0
3/20/20,El Dorado,17,2,0,,
3/21/20,El Dorado,17,2,0,0,0
3/22/20,El Dorado,17,2,0,0,0
3/23/20,El Dorado,17,2,0,0,0
3/24/20,El Dorado,17,3,0,1,0
3/25/20,El Dorado,17,3,0,0,0
3/26/20,El Dorado,17,9,0,6,0
3/27/20,El Dorado,17,12,0,3,0
3/28/20,El Dorado,17,12,0,0,0
3/29/20,El Dorado,17,12,0,0,0
3/30/20,El Dorado,17,15,0,3,0
3/31/20,El Dorado,17,18,0,3,0
4/1/20,El Dorado,17,18,0,0,0
4/2/20,El Dorado,17,19,0,1,0
4/3/20,El Dorado,17,22,0,3,0
4/4/20,El Dorado,17,22,0,0,0
4/5/20,El Dorado,17,22,0,0,0
4/6/20,El Dorado,17,25,0,3,0
4/7/20,El Dorado,17,28,0,3,0
4/8/20,El Dorado,17,29,0,1,0
4/9/20,El Dorado,17,30,0,1,0
4/10/20,El Dorado,17,32,0,2,0
4/11/20,El Dorado,17,32,0,0,0
4/12/20,El Dorado,17,32,0,0,0
4/13/20,El Dorado,17,34,0,2,0
4/14/20,El Dorado,17,35,0,1,0
4/15/20,El Dorado,17,35,0,0,0
4/16/20,El Dorado,17,35,0,0,0
4/17/20,El Dorado,17,36,0,1,0
4/18/20,El Dorado,17,36,0,0,0
4/19/20,El Dorado,17,36,0,0,0
4/20/20,El Dorado,17,38,0,2,0
4/21/20,El Dorado,17,39,0,1,0
4/22/20,El Dorado,17,39,0,0,0
4/23/20,El Dorado,17,40,0,1,0
4/24/20,El Dorado,17,42,0,2,0
4/25/20,El Dorado,17,42,0,0,0
4/26/20,El Dorado,17,42,0,0,0
4/27/20,El Dorado,17,43,0,1,0
4/28/20,El Dorado,17,44,0,1,0
4/29/20,El Dorado,17,44,0,0,0
4/30/20,El Dorado,17,44,0,0,0
3/7/20,Fresno,19,1,0,,
3/8/20,Fresno,19,1,0,0,0
3/9/20,Fresno,19,1,0,0,0
3/10/20,Fresno,19,1,0,0,0
3/11/20,Fresno,19,1,0,0,0
3/12/20,Fresno,19,1,0,0,0
3/13/20,Fresno,19,1,0,0,0
3/14/20,Fresno,19,2,0,1,0
3/15/20,Fresno,19,2,0,0,0
3/16/20,Fresno,19,2,0,0,0
3/17/20,Fresno,19,2,0,0,0
3/18/20,Fresno,19,3,0,1,0
3/19/20,Fresno,19,3,0,0,0
3/20/20,Fresno,19,6,0,3,0
3/21/20,Fresno,19,6,0,0,0
3/22/20,Fresno,19,6,0,0,0
3/23/20,Fresno,19,13,0,7,0
3/24/20,Fresno,19,18,0,5,0
3/25/20,Fresno,19,19,0,1,0
3/26/20,Fresno,19,27,0,8,0
3/27/20,Fresno,19,31,0,4,0
3/28/20,Fresno,19,43,0,12,0
3/29/20,Fresno,19,43,0,0,0
3/30/20,Fresno,19,53,0,10,0
3/31/20,Fresno,19,68,0,15,0
4/1/20,Fresno,19,82,0,14,0
4/2/20,Fresno,19,94,0,12,0
4/3/20,Fresno,19,100,1,6,1
4/4/20,Fresno,19,103,1,3,0
4/5/20,Fresno,19,108,1,5,0
4/6/20,Fresno,19,124,2,16,1
4/7/20,Fresno,19,146,3,22,1
4/8/20,Fresno,19,156,3,10,0
4/9/20,Fresno,19,173,3,17,0
4/10/20,Fresno,19,191,5,18,2
4/11/20,Fresno,19,201,5,10,0
4/12/20,Fresno,19,201,5,0,0
4/13/20,Fresno,19,222,5,21,0
4/14/20,Fresno,19,251,7,29,2
4/15/20,Fresno,19,265,7,14,0
4/16/20,Fresno,19,295,7,30,0
4/17/20,Fresno,19,311,7,16,0
4/18/20,Fresno,19,315,7,4,0
4/19/20,Fresno,19,315,7,0,0
4/20/20,Fresno,19,351,7,36,0
4/21/20,Fresno,19,371,7,20,0
4/22/20,Fresno,19,384,7,13,0
4/23/20,Fresno,19,419,7,35,0
4/24/20,Fresno,19,443,7,24,0
4/25/20,Fresno,19,458,7,15,0
4/26/20,Fresno,19,458,7,0,0
4/27/20,Fresno,19,498,7,40,0
4/28/20,Fresno,19,521,7,23,0
4/29/20,Fresno,19,538,7,17,0
4/30/20,Fresno,19,564,7,26,0
3/27/20,Glenn,21,1,0,,
3/28/20,Glenn,21,1,0,0,0
3/29/20,Glenn,21,1,0,0,0
3/30/20,Glenn,21,2,0,1,0
3/31/20,Glenn,21,2,0,0,0
4/1/20,Glenn,21,2,0,0,0
4/2/20,Glenn,21,2,0,0,0
4/3/20,Glenn,21,2,0,0,0
4/4/20,Glenn,21,2,0,0,0
4/5/20,Glenn,21,2,0,0,0
4/6/20,Glenn,21,2,0,0,0
4/7/20,Glenn,21,2,0,0,0
4/8/20,Glenn,21,2,0,0,0
4/9/20,Glenn,21,2,0,0,0
4/10/20,Glenn,21,3,0,1,0
4/11/20,Glenn,21,3,0,0,0
4/12/20,Glenn,21,3,0,0,0
4/13/20,Glenn,21,4,0,1,0
4/14/20,Glenn,21,4,0,0,0
4/15/20,Glenn,21,4,0,0,0
4/16/20,Glenn,21,4,0,0,0
4/17/20,Glenn,21,4,0,0,0
4/18/20,Glenn,21,4,0,0,0
4/19/20,Glenn,21,4,0,0,0
4/20/20,Glenn,21,4,0,0,0
4/21/20,Glenn,21,4,0,0,0
4/22/20,Glenn,21,4,0,0,0
4/23/20,Glenn,21,5,0,1,0
4/24/20,Glenn,21,5,0,0,0
4/25/20,Glenn,21,5,0,0,0
4/26/20,Glenn,21,5,0,0,0
4/27/20,Glenn,21,5,0,0,0
4/28/20,Glenn,21,5,0,0,0
4/29/20,Glenn,21,5,0,0,0
4/30/20,Glenn,21,5,0,0,0
1/26/20,Humboldt,23,0,0,,
1/31/20,Humboldt,23,0,0,0,0
2/2/20,Humboldt,23,0,0,0,0
2/20/20,Humboldt,23,1,0,1,0
2/21/20,Humboldt,23,1,0,0,0
2/22/20,Humboldt,23,1,0,0,0
2/23/20,Humboldt,23,1,0,0,0
2/24/20,Humboldt,23,1,0,0,0
2/25/20,Humboldt,23,1,0,0,0
2/26/20,Humboldt,23,1,0,0,0
2/27/20,Humboldt,23,1,0,0,0
2/28/20,Humboldt,23,1,0,0,0
2/29/20,Humboldt,23,1,0,0,0
3/1/20,Humboldt,23,1,0,0,0
3/2/20,Humboldt,23,1,0,0,0
3/3/20,Humboldt,23,1,0,0,0
3/4/20,Humboldt,23,1,0,0,0
3/5/20,Humboldt,23,1,0,0,0
3/6/20,Humboldt,23,1,0,0,0
3/7/20,Humboldt,23,1,0,0,0
3/8/20,Humboldt,23,1,0,0,0
3/9/20,Humboldt,23,1,0,0,0
3/10/20,Humboldt,23,1,0,0,0
3/11/20,Humboldt,23,1,0,0,0
3/12/20,Humboldt,23,1,0,0,0
3/13/20,Humboldt,23,1,0,0,0
3/14/20,Humboldt,23,1,0,0,0
3/15/20,Humboldt,23,1,0,0,0
3/16/20,Humboldt,23,1,0,0,0
3/17/20,Humboldt,23,1,0,0,0
3/18/20,Humboldt,23,1,0,0,0
3/19/20,Humboldt,23,1,0,0,0
3/20/20,Humboldt,23,2,0,1,0
3/21/20,Humboldt,23,2,0,0,0
3/22/20,Humboldt,23,2,0,0,0
3/23/20,Humboldt,23,2,0,0,0
3/24/20,Humboldt,23,5,0,3,0
3/25/20,Humboldt,23,10,0,5,0
3/26/20,Humboldt,23,12,0,2,0
3/27/20,Humboldt,23,14,0,2,0
3/28/20,Humboldt,23,18,0,4,0
3/29/20,Humboldt,23,18,0,0,0
3/30/20,Humboldt,23,21,0,3,0
3/31/20,Humboldt,23,27,0,6,0
4/1/20,Humboldt,23,28,0,1,0
4/2/20,Humboldt,23,37,0,9,0
4/3/20,Humboldt,23,40,0,3,0
4/4/20,Humboldt,23,44,0,4,0
4/5/20,Humboldt,23,44,0,0,0
4/6/20,Humboldt,23,49,0,5,0
4/7/20,Humboldt,23,50,0,1,0
4/8/20,Humboldt,23,50,0,0,0
4/9/20,Humboldt,23,50,0,0,0
4/10/20,Humboldt,23,50,0,0,0
4/11/20,Humboldt,23,50,0,0,0
4/12/20,Humboldt,23,50,0,0,0
4/13/20,Humboldt,23,50,0,0,0
4/14/20,Humboldt,23,51,0,1,0
4/15/20,Humboldt,23,52,0,1,0
4/16/20,Humboldt,23,52,0,0,0
4/17/20,Humboldt,23,52,0,0,0
4/18/20,Humboldt,23,52,0,0,0
4/19/20,Humboldt,23,52,0,0,0
4/20/20,Humboldt,23,52,0,0,0
4/21/20,Humboldt,23,52,0,0,0
4/22/20,Humboldt,23,52,0,0,0
4/23/20,Humboldt,23,52,0,0,0
4/24/20,Humboldt,23,53,0,1,0
4/25/20,Humboldt,23,53,0,0,0
4/26/20,Humboldt,23,53,0,0,0
4/27/20,Humboldt,23,53,0,0,0
4/28/20,Humboldt,23,53,0,0,0
4/29/20,Humboldt,23,54,0,1,0
4/30/20,Humboldt,23,54,0,0,0
3/11/20,Imperial,25,2,0,,
3/12/20,Imperial,25,2,0,0,0
3/13/20,Imperial,25,2,0,0,0
3/14/20,Imperial,25,2,0,0,0
3/15/20,Imperial,25,2,0,0,0
3/16/20,Imperial,25,2,0,0,0
3/17/20,Imperial,25,2,0,0,0
3/18/20,Imperial,25,2,0,0,0
3/19/20,Imperial,25,4,0,2,0
3/20/20,Imperial,25,4,0,0,0
3/21/20,Imperial,25,6,0,2,0
3/22/20,Imperial,25,6,0,0,0
3/23/20,Imperial,25,6,0,0,0
3/24/20,Imperial,25,9,0,3,0
3/25/20,Imperial,25,9,0,0,0
3/26/20,Imperial,25,17,0,8,0
3/27/20,Imperial,25,21,0,4,0
3/28/20,Imperial,25,25,0,4,0
3/29/20,Imperial,25,25,0,0,0
3/30/20,Imperial,25,33,0,8,0
3/31/20,Imperial,25,38,0,5,0
4/1/20,Imperial,25,43,0,5,0
4/2/20,Imperial,25,50,1,7,1
4/3/20,Imperial,25,55,1,5,0
4/4/20,Imperial,25,55,1,0,0
4/5/20,Imperial,25,65,2,10,1
4/6/20,Imperial,25,68,3,3,1
4/7/20,Imperial,25,73,3,5,0
4/8/20,Imperial,25,75,3,2,0
4/9/20,Imperial,25,79,3,4,0
4/10/20,Imperial,25,79,3,0,0
4/11/20,Imperial,25,87,3,8,0
4/12/20,Imperial,25,87,3,0,0
4/13/20,Imperial,25,100,3,13,0
4/14/20,Imperial,25,117,3,17,0
4/15/20,Imperial,25,127,3,10,0
4/16/20,Imperial,25,143,3,16,0
4/17/20,Imperial,25,155,3,12,0
4/18/20,Imperial,25,155,3,0,0
4/19/20,Imperial,25,160,3,5,0
4/20/20,Imperial,25,175,4,15,1
4/21/20,Imperial,25,195,5,20,1
4/22/20,Imperial,25,214,6,19,1
4/23/20,Imperial,25,232,8,18,2
4/24/20,Imperial,25,251,8,19,0
4/25/20,Imperial,25,251,8,0,0
4/26/20,Imperial,25,251,8,0,0
4/27/20,Imperial,25,284,8,33,0
4/28/20,Imperial,25,304,8,20,0
4/29/20,Imperial,25,319,8,15,0
4/30/20,Imperial,25,333,9,14,1
3/25/20,Inyo,27,1,0,,
3/26/20,Inyo,27,2,0,1,0
3/27/20,Inyo,27,5,0,3,0
3/28/20,Inyo,27,5,0,0,0
3/29/20,Inyo,27,8,0,3,0
3/30/20,Inyo,27,8,0,0,0
3/31/20,Inyo,27,8,0,0,0
4/1/20,Inyo,27,9,0,1,0
4/2/20,Inyo,27,10,0,1,0
4/3/20,Inyo,27,10,0,0,0
4/4/20,Inyo,27,10,0,0,0
4/5/20,Inyo,27,11,0,1,0
4/6/20,Inyo,27,11,0,0,0
4/7/20,Inyo,27,11,0,0,0
4/8/20,Inyo,27,11,0,0,0
4/9/20,Inyo,27,11,0,0,0
4/10/20,Inyo,27,12,0,1,0
4/11/20,Inyo,27,12,0,0,0
4/12/20,Inyo,27,12,0,0,0
4/13/20,Inyo,27,12,0,0,0
4/14/20,Inyo,27,12,0,0,0
4/15/20,Inyo,27,17,0,5,0
4/16/20,Inyo,27,17,0,0,0
4/17/20,Inyo,27,18,0,1,0
4/18/20,Inyo,27,18,0,0,0
4/19/20,Inyo,27,18,0,0,0
4/20/20,Inyo,27,18,0,0,0
4/21/20,Inyo,27,18,0,0,0
4/22/20,Inyo,27,19,0,1,0
4/23/20,Inyo,27,19,0,0,0
4/24/20,Inyo,27,19,1,0,1
4/25/20,Inyo,27,19,1,0,0
4/26/20,Inyo,27,19,1,0,0
4/27/20,Inyo,27,19,1,0,0
4/28/20,Inyo,27,19,1,0,0
4/29/20,Inyo,27,19,1,0,0
4/30/20,Inyo,27,19,1,0,0
3/17/20,Kern,29,1,0,,
3/18/20,Kern,29,0,0,-1,0
3/19/20,Kern,29,3,0,3,0
3/20/20,Kern,29,3,0,0,0
3/21/20,Kern,29,4,0,1,0
3/22/20,Kern,29,4,0,0,0
3/23/20,Kern,29,12,0,8,0
3/24/20,Kern,29,14,0,2,0
3/25/20,Kern,29,23,0,9,0
3/26/20,Kern,29,32,0,9,0
3/27/20,Kern,29,40,1,8,1
3/28/20,Kern,29,46,1,6,0
3/29/20,Kern,29,50,1,4,0
3/30/20,Kern,29,74,1,24,0
3/31/20,Kern,29,98,1,24,0
4/1/20,Kern,29,126,1,28,0
4/2/20,Kern,29,155,1,29,0
4/3/20,Kern,29,194,2,39,1
4/4/20,Kern,29,205,2,11,0
4/5/20,Kern,29,225,2,20,0
4/6/20,Kern,29,246,2,21,0
4/7/20,Kern,29,261,2,15,0
4/8/20,Kern,29,303,2,42,0
4/9/20,Kern,29,330,3,27,1
4/10/20,Kern,29,363,3,33,0
4/11/20,Kern,29,369,3,6,0
4/12/20,Kern,29,396,3,27,0
4/13/20,Kern,29,446,3,50,0
4/14/20,Kern,29,516,3,70,0
4/15/20,Kern,29,553,3,37,0
4/16/20,Kern,29,565,3,12,0
4/17/20,Kern,29,578,3,13,0
4/18/20,Kern,29,610,3,32,0
4/19/20,Kern,29,623,3,13,0
4/20/20,Kern,29,643,3,20,0
4/21/20,Kern,29,671,3,28,0
4/22/20,Kern,29,683,4,12,1
4/23/20,Kern,29,699,4,16,0
4/24/20,Kern,29,735,4,36,0
4/25/20,Kern,29,755,4,20,0
4/26/20,Kern,29,809,4,54,0
4/27/20,Kern,29,828,5,19,1
4/28/20,Kern,29,847,5,19,0
4/29/20,Kern,29,866,6,19,1
4/30/20,Kern,29,893,7,27,1
3/27/20,Kings,31,1,0,,
3/28/20,Kings,31,2,0,1,0
3/29/20,Kings,31,2,0,0,0
3/30/20,Kings,31,3,0,1,0
3/31/20,Kings,31,4,0,1,0
4/1/20,Kings,31,5,0,1,0
4/2/20,Kings,31,5,0,0,0
4/3/20,Kings,31,5,0,0,0
4/4/20,Kings,31,5,0,0,0
4/5/20,Kings,31,5,0,0,0
4/6/20,Kings,31,5,0,0,0
4/7/20,Kings,31,5,0,0,0
4/8/20,Kings,31,8,0,3,0
4/9/20,Kings,31,8,0,0,0
4/10/20,Kings,31,9,0,1,0
4/11/20,Kings,31,10,1,1,1
4/12/20,Kings,31,10,1,0,0
4/13/20,Kings,31,12,1,2,0
4/14/20,Kings,31,13,1,1,0
4/15/20,Kings,31,13,1,0,0
4/16/20,Kings,31,18,1,5,0
4/17/20,Kings,31,20,1,2,0
4/18/20,Kings,31,30,1,10,0
4/19/20,Kings,31,30,1,0,0
4/20/20,Kings,31,32,1,2,0
4/21/20,Kings,31,32,1,0,0
4/22/20,Kings,31,32,1,0,0
4/23/20,Kings,31,35,1,3,0
4/24/20,Kings,31,47,1,12,0
4/25/20,Kings,31,52,1,5,0
4/26/20,Kings,31,67,1,15,0
4/27/20,Kings,31,71,1,4,0
4/28/20,Kings,31,79,1,8,0
4/29/20,Kings,31,96,1,17,0
4/30/20,Kings,31,123,1,27,0
4/5/20,Lake,33,1,0,,
4/6/20,Lake,33,2,0,1,0
4/7/20,Lake,33,2,0,0,0
4/8/20,Lake,33,3,0,1,0
4/9/20,Lake,33,3,0,0,0
4/10/20,Lake,33,4,0,1,0
4/11/20,Lake,33,4,0,0,0
4/12/20,Lake,33,4,0,0,0
4/13/20,Lake,33,4,0,0,0
4/14/20,Lake,33,5,0,1,0
4/15/20,Lake,33,5,0,0,0
4/16/20,Lake,33,6,0,1,0
4/17/20,Lake,33,6,0,0,0
4/18/20,Lake,33,6,0,0,0
4/19/20,Lake,33,6,0,0,0
4/20/20,Lake,33,6,0,0,0
4/21/20,Lake,33,6,0,0,0
4/22/20,Lake,33,6,0,0,0
4/23/20,Lake,33,6,0,0,0
4/24/20,Lake,33,6,0,0,0
4/25/20,Lake,33,6,0,0,0
4/26/20,Lake,33,6,0,0,0
4/27/20,Lake,33,6,0,0,0
4/28/20,Lake,33,6,0,0,0
4/29/20,Lake,33,6,0,0,0
4/30/20,Lake,33,7,0,1,0
4/29/20,Lassen,35,0,0,,
4/30/20,Lassen,35,0,0,0,0
1/26/20,Los Angeles,37,1,0,,
1/27/20,Los Angeles,37,1,0,0,0
1/28/20,Los Angeles,37,1,0,0,0
1/29/20,Los Angeles,37,1,0,0,0
1/30/20,Los Angeles,37,1,0,0,0
1/31/20,Los Angeles,37,1,0,0,0
2/1/20,Los Angeles,37,1,0,0,0
2/2/20,Los Angeles,37,1,0,0,0
2/3/20,Los Angeles,37,1,0,0,0
2/4/20,Los Angeles,37,1,0,0,0
2/5/20,Los Angeles,37,1,0,0,0
2/6/20,Los Angeles,37,1,0,0,0
2/7/20,Los Angeles,37,1,0,0,0
2/8/20,Los Angeles,37,1,0,0,0
2/9/20,Los Angeles,37,1,0,0,0
2/10/20,Los Angeles,37,1,0,0,0
2/11/20,Los Angeles,37,1,0,0,0
2/12/20,Los Angeles,37,1,0,0,0
2/13/20,Los Angeles,37,1,0,0,0
2/14/20,Los Angeles,37,1,0,0,0
2/15/20,Los Angeles,37,1,0,0,0
2/16/20,Los Angeles,37,1,0,0,0
2/17/20,Los Angeles,37,1,0,0,0
2/18/20,Los Angeles,37,1,0,0,0
2/19/20,Los Angeles,37,1,0,0,0
2/20/20,Los Angeles,37,1,0,0,0
2/21/20,Los Angeles,37,1,0,0,0
2/22/20,Los Angeles,37,1,0,0,0
2/23/20,Los Angeles,37,1,0,0,0
2/24/20,Los Angeles,37,1,0,0,0
2/25/20,Los Angeles,37,1,0,0,0
2/26/20,Los Angeles,37,1,0,0,0
2/27/20,Los Angeles,37,1,0,0,0
2/28/20,Los Angeles,37,1,0,0,0
2/29/20,Los Angeles,37,1,0,0,0
3/1/20,Los Angeles,37,1,0,0,0
3/2/20,Los Angeles,37,1,0,0,0
3/3/20,Los Angeles,37,1,0,0,0
3/4/20,Los Angeles,37,7,0,6,0
3/5/20,Los Angeles,37,11,0,4,0
3/6/20,Los Angeles,37,13,0,2,0
3/7/20,Los Angeles,37,14,0,1,0
3/8/20,Los Angeles,37,14,0,0,0
3/9/20,Los Angeles,37,19,0,5,0
3/10/20,Los Angeles,37,20,0,1,0
3/11/20,Los Angeles,37,29,1,9,1
3/12/20,Los Angeles,37,32,1,3,0
3/13/20,Los Angeles,37,40,1,8,0
3/14/20,Los Angeles,37,54,1,14,0
3/15/20,Los Angeles,37,69,1,15,0
3/16/20,Los Angeles,37,94,1,25,0
3/17/20,Los Angeles,37,147,1,53,0
3/18/20,Los Angeles,37,192,1,45,0
3/19/20,Los Angeles,37,231,2,39,1
3/20/20,Los Angeles,37,295,2,64,0
3/21/20,Los Angeles,37,353,4,58,2
3/22/20,Los Angeles,37,411,5,58,1
3/23/20,Los Angeles,37,543,8,132,3
3/24/20,Los Angeles,37,670,10,127,2
3/25/20,Los Angeles,37,814,13,144,3
3/26/20,Los Angeles,37,1230,21,416,8
3/27/20,Los Angeles,37,1482,26,252,5
3/28/20,Los Angeles,37,1818,32,336,6
3/29/20,Los Angeles,37,2147,37,329,5
3/30/20,Los Angeles,37,2505,44,358,7
3/31/20,Los Angeles,37,3037,54,532,10
4/1/20,Los Angeles,37,3528,66,491,12
4/2/20,Los Angeles,37,4071,80,543,14
4/3/20,Los Angeles,37,4605,93,534,13
4/4/20,Los Angeles,37,5325,119,720,26
4/5/20,Los Angeles,37,5955,132,630,13
4/6/20,Los Angeles,37,6391,147,436,15
4/7/20,Los Angeles,37,6944,173,553,26
4/8/20,Los Angeles,37,7573,200,629,27
4/9/20,Los Angeles,37,7984,225,411,25
4/10/20,Los Angeles,37,8453,244,469,19
4/11/20,Los Angeles,37,8889,267,436,23
4/12/20,Los Angeles,37,9197,300,308,33
4/13/20,Los Angeles,37,9480,326,283,26
4/14/20,Los Angeles,37,10075,366,595,40
4/15/20,Los Angeles,37,10517,405,442,39
4/16/20,Los Angeles,37,10895,457,378,52
4/17/20,Los Angeles,37,11421,501,526,44
4/18/20,Los Angeles,37,12051,577,630,76
4/19/20,Los Angeles,37,12349,601,298,24
4/20/20,Los Angeles,37,13823,619,1474,18
4/21/20,Los Angeles,37,15165,666,1342,47
4/22/20,Los Angeles,37,16449,732,1284,66
4/23/20,Los Angeles,37,17567,798,1118,66
4/24/20,Los Angeles,37,18545,850,978,52
4/25/20,Los Angeles,37,19159,896,614,46
4/26/20,Los Angeles,37,19567,916,408,20
4/27/20,Los Angeles,37,20460,948,893,32
4/28/20,Los Angeles,37,21017,1004,557,56
4/29/20,Los Angeles,37,22522,1065,1505,61
4/30/20,Los Angeles,37,23233,1119,711,54
3/7/20,Madera,39,1,0,,
3/8/20,Madera,39,1,0,0,0
3/9/20,Madera,39,1,0,0,0
3/10/20,Madera,39,1,0,0,0
3/11/20,Madera,39,1,0,0,0
3/12/20,Madera,39,1,0,0,0
3/13/20,Madera,39,1,0,0,0
3/14/20,Madera,39,1,0,0,0
3/15/20,Madera,39,1,0,0,0
3/16/20,Madera,39,1,0,0,0
3/17/20,Madera,39,1,0,0,0
3/18/20,Madera,39,1,0,0,0
3/19/20,Madera,39,2,0,1,0
3/20/20,Madera,39,3,0,1,0
3/21/20,Madera,39,3,0,0,0
3/22/20,Madera,39,3,0,0,0
3/23/20,Madera,39,6,0,3,0
3/24/20,Madera,39,6,0,0,0
3/25/20,Madera,39,7,0,1,0
3/26/20,Madera,39,10,1,3,1
3/27/20,Madera,39,11,1,1,0
3/28/20,Madera,39,15,1,4,0
3/29/20,Madera,39,18,1,3,0
3/30/20,Madera,39,21,1,3,0
3/31/20,Madera,39,23,1,2,0
4/1/20,Madera,39,25,1,2,0
4/2/20,Madera,39,28,1,3,0
4/3/20,Madera,39,28,1,0,0
4/4/20,Madera,39,28,1,0,0
4/5/20,Madera,39,28,1,0,0
4/6/20,Madera,39,28,1,0,0
4/7/20,Madera,39,28,1,0,0
4/8/20,Madera,39,28,1,0,0
4/9/20,Madera,39,30,2,2,1
4/10/20,Madera,39,32,2,2,0
4/11/20,Madera,39,32,2,0,0
4/12/20,Madera,39,33,2,1,0
4/13/20,Madera,39,33,2,0,0
4/14/20,Madera,39,33,2,0,0
4/15/20,Madera,39,33,2,0,0
4/16/20,Madera,39,33,2,0,0
4/17/20,Madera,39,33,2,0,0
4/18/20,Madera,39,34,2,1,0
4/19/20,Madera,39,34,2,0,0
4/20/20,Madera,39,36,2,2,0
4/21/20,Madera,39,36,2,0,0
4/22/20,Madera,39,36,2,0,0
4/23/20,Madera,39,39,2,3,0
4/24/20,Madera,39,39,2,0,0
4/25/20,Madera,39,40,2,1,0
4/26/20,Madera,39,41,2,1,0
4/27/20,Madera,39,44,2,3,0
4/28/20,Madera,39,45,2,1,0
4/29/20,Madera,39,46,2,1,0
4/30/20,Madera,39,46,2,0,0
1/26/20,Marin,41,0,0,,
1/31/20,Marin,41,0,0,0,0
2/2/20,Marin,41,0,0,0,0
2/20/20,Marin,41,0,0,0,0
2/21/20,Marin,41,0,0,0,0
2/26/20,Marin,41,0,0,0,0
2/28/20,Marin,41,0,0,0,0
2/29/20,Marin,41,0,0,0,0
3/1/20,Marin,41,0,0,0,0
3/2/20,Marin,41,0,0,0,0
3/3/20,Marin,41,0,0,0,0
3/4/20,Marin,41,0,0,0,0
3/5/20,Marin,41,0,0,0,0
3/6/20,Marin,41,0,0,0,0
3/7/20,Marin,41,0,0,0,0
3/8/20,Marin,41,0,0,0,0
3/9/20,Marin,41,1,0,1,0
3/10/20,Marin,41,1,0,0,0
3/11/20,Marin,41,3,0,2,0
3/12/20,Marin,41,3,0,0,0
3/13/20,Marin,41,3,0,0,0
3/14/20,Marin,41,5,0,2,0
3/15/20,Marin,41,9,0,4,0
3/16/20,Marin,41,11,0,2,0
3/17/20,Marin,41,15,0,4,0
3/18/20,Marin,41,15,0,0,0
3/19/20,Marin,41,25,0,10,0
3/20/20,Marin,41,38,0,13,0
3/21/20,Marin,41,38,0,0,0
3/22/20,Marin,41,38,0,0,0
3/23/20,Marin,41,47,0,9,0
3/24/20,Marin,41,53,0,6,0
3/25/20,Marin,41,60,0,7,0
3/26/20,Marin,41,65,0,5,0
3/27/20,Marin,41,69,1,4,1
3/28/20,Marin,41,74,1,5,0
3/29/20,Marin,41,93,1,19,0
3/30/20,Marin,41,98,4,5,3
3/31/20,Marin,41,107,5,9,1
4/1/20,Marin,41,108,6,1,1
4/2/20,Marin,41,118,6,10,0
4/3/20,Marin,41,131,6,13,0
4/4/20,Marin,41,137,7,6,1
4/5/20,Marin,41,141,7,4,0
4/6/20,Marin,41,143,9,2,2
4/7/20,Marin,41,148,10,5,1
4/8/20,Marin,41,149,10,1,0
4/9/20,Marin,41,154,10,5,0
4/10/20,Marin,41,153,10,-1,0
4/11/20,Marin,41,153,10,0,0
4/12/20,Marin,41,164,10,11,0
4/13/20,Marin,41,170,10,6,0
4/14/20,Marin,41,171,10,1,0
4/15/20,Marin,41,184,10,13,0
4/16/20,Marin,41,187,10,3,0
4/17/20,Marin,41,187,10,0,0
4/18/20,Marin,41,189,10,2,0
4/19/20,Marin,41,195,10,6,0
4/20/20,Marin,41,199,10,4,0
4/21/20,Marin,41,200,10,1,0
4/22/20,Marin,41,203,11,3,1
4/23/20,Marin,41,209,11,6,0
4/24/20,Marin,41,212,12,3,1
4/25/20,Marin,41,223,12,11,0
4/26/20,Marin,41,224,12,1,0
4/27/20,Marin,41,224,12,0,0
4/28/20,Marin,41,226,12,2,0
4/29/20,Marin,41,235,13,9,1
4/30/20,Marin,41,237,13,2,0
4/28/20,Mariposa,43,1,0,,
4/29/20,Mariposa,43,1,0,0,0
4/30/20,Mariposa,43,3,0,2,0
3/18/20,Mendocino,45,1,0,,
3/19/20,Mendocino,45,1,0,0,0
3/20/20,Mendocino,45,1,0,0,0
3/21/20,Mendocino,45,1,0,0,0
3/22/20,Mendocino,45,1,0,0,0
3/23/20,Mendocino,45,1,0,0,0
3/24/20,Mendocino,45,2,0,1,0
3/25/20,Mendocino,45,2,0,0,0
3/26/20,Mendocino,45,2,0,0,0
3/27/20,Mendocino,45,2,0,0,0
3/28/20,Mendocino,45,3,0,1,0
3/29/20,Mendocino,45,4,0,1,0
3/30/20,Mendocino,45,4,0,0,0
3/31/20,Mendocino,45,4,0,0,0
4/1/20,Mendocino,45,4,0,0,0
4/2/20,Mendocino,45,4,0,0,0
4/3/20,Mendocino,45,4,0,0,0
4/4/20,Mendocino,45,4,0,0,0
4/5/20,Mendocino,45,4,0,0,0
4/6/20,Mendocino,45,4,0,0,0
4/7/20,Mendocino,45,4,0,0,0
4/8/20,Mendocino,45,4,0,0,0
4/9/20,Mendocino,45,4,0,0,0
4/10/20,Mendocino,45,4,0,0,0
4/11/20,Mendocino,45,4,0,0,0
4/12/20,Mendocino,45,4,0,0,0
4/13/20,Mendocino,45,4,0,0,0
4/14/20,Mendocino,45,4,0,0,0
4/15/20,Mendocino,45,4,0,0,0
4/16/20,Mendocino,45,4,0,0,0
4/17/20,Mendocino,45,5,0,1,0
4/18/20,Mendocino,45,5,0,0,0
4/19/20,Mendocino,45,5,0,0,0
4/20/20,Mendocino,45,5,0,0,0
4/21/20,Mendocino,45,5,0,0,0
4/22/20,Mendocino,45,5,0,0,0
4/23/20,Mendocino,45,8,0,3,0
4/24/20,Mendocino,45,11,0,3,0
4/25/20,Mendocino,45,11,0,0,0
4/26/20,Mendocino,45,11,0,0,0
4/27/20,Mendocino,45,11,0,0,0
4/28/20,Mendocino,45,11,0,0,0
4/29/20,Mendocino,45,12,0,1,0
4/30/20,Mendocino,45,12,0,0,0
3/22/20,Merced,47,1,0,,
3/23/20,Merced,47,1,0,0,0
3/24/20,Merced,47,1,0,0,0
3/25/20,Merced,47,2,0,1,0
3/26/20,Merced,47,4,0,2,0
3/27/20,Merced,47,7,0,3,0
3/28/20,Merced,47,8,0,1,0
3/29/20,Merced,47,9,0,1,0
3/30/20,Merced,47,10,0,1,0
3/31/20,Merced,47,10,0,0,0
4/1/20,Merced,47,12,0,2,0
4/2/20,Merced,47,16,0,4,0
4/3/20,Merced,47,19,0,3,0
4/4/20,Merced,47,27,0,8,0
4/5/20,Merced,47,29,1,2,1
4/6/20,Merced,47,29,1,0,0
4/7/20,Merced,47,34,1,5,0
4/8/20,Merced,47,40,3,6,2
4/9/20,Merced,47,52,3,12,0
4/10/20,Merced,47,59,3,7,0
4/11/20,Merced,47,64,3,5,0
4/12/20,Merced,47,65,3,1,0
4/13/20,Merced,47,69,3,4,0
4/14/20,Merced,47,74,3,5,0
4/15/20,Merced,47,78,3,4,0
4/16/20,Merced,47,82,3,4,0
4/17/20,Merced,47,85,3,3,0
4/18/20,Merced,47,87,3,2,0
4/19/20,Merced,47,90,3,3,0
4/20/20,Merced,47,90,3,0,0
4/21/20,Merced,47,92,3,2,0
4/22/20,Merced,47,94,3,2,0
4/23/20,Merced,47,100,3,6,0
4/24/20,Merced,47,102,3,2,0
4/25/20,Merced,47,102,3,0,0
4/26/20,Merced,47,105,3,3,0
4/27/20,Merced,47,110,3,5,0
4/28/20,Merced,47,116,3,6,0
4/29/20,Merced,47,118,3,2,0
4/30/20,Merced,47,125,3,7,0
4/29/20,Modoc,49,0,0,,
4/30/20,Modoc,49,0,0,0,0
3/21/20,Mono,51,1,0,,
3/22/20,Mono,51,1,0,0,0
3/23/20,Mono,51,1,0,0,0
3/24/20,Mono,51,2,0,1,0
3/25/20,Mono,51,4,0,2,0
3/26/20,Mono,51,6,0,2,0
3/27/20,Mono,51,8,0,2,0
3/28/20,Mono,51,11,0,3,0
3/29/20,Mono,51,13,0,2,0
3/30/20,Mono,51,13,0,0,0
3/31/20,Mono,51,13,1,0,1
4/1/20,Mono,51,18,1,5,0
4/2/20,Mono,51,18,1,0,0
4/3/20,Mono,51,19,1,1,0
4/4/20,Mono,51,19,1,0,0
4/5/20,Mono,51,19,1,0,0
4/6/20,Mono,51,19,1,0,0
4/7/20,Mono,51,19,1,0,0
4/8/20,Mono,51,20,1,1,0
4/9/20,Mono,51,20,1,0,0
4/10/20,Mono,51,21,1,1,0
4/11/20,Mono,51,21,1,0,0
4/12/20,Mono,51,23,1,2,0
4/13/20,Mono,51,23,1,0,0
4/14/20,Mono,51,23,1,0,0
4/15/20,Mono,51,23,1,0,0
4/16/20,Mono,51,23,1,0,0
4/17/20,Mono,51,23,1,0,0
4/18/20,Mono,51,23,1,0,0
4/19/20,Mono,51,23,1,0,0
4/20/20,Mono,51,24,1,1,0
4/21/20,Mono,51,24,1,0,0
4/22/20,Mono,51,24,1,0,0
4/23/20,Mono,51,24,1,0,0
4/24/20,Mono,51,24,1,0,0
4/25/20,Mono,51,24,1,0,0
4/26/20,Mono,51,24,1,0,0
4/27/20,Mono,51,26,1,2,0
4/28/20,Mono,51,26,1,0,0
4/29/20,Mono,51,26,1,0,0
4/30/20,Mono,51,26,1,0,0
3/17/20,Monterey,53,2,0,,
3/18/20,Monterey,53,2,0,0,0
3/19/20,Monterey,53,2,0,0,0
3/20/20,Monterey,53,5,0,3,0
3/21/20,Monterey,53,11,1,6,1
3/22/20,Monterey,53,14,1,3,0
3/23/20,Monterey,53,20,1,6,0
3/24/20,Monterey,53,24,1,4,0
3/25/20,Monterey,53,24,1,0,0
3/26/20,Monterey,53,27,1,3,0
3/27/20,Monterey,53,27,1,0,0
3/28/20,Monterey,53,34,1,7,0
3/29/20,Monterey,53,36,1,2,0
3/30/20,Monterey,53,40,1,4,0
3/31/20,Monterey,53,42,2,2,1
4/1/20,Monterey,53,48,2,6,0
4/2/20,Monterey,53,53,2,5,0
4/3/20,Monterey,53,57,2,4,0
4/4/20,Monterey,53,62,2,5,0
4/5/20,Monterey,53,62,2,0,0
4/6/20,Monterey,53,63,2,1,0
4/7/20,Monterey,53,64,2,1,0
4/8/20,Monterey,53,69,3,5,1
4/9/20,Monterey,53,71,3,2,0
4/10/20,Monterey,53,79,3,8,0
4/11/20,Monterey,53,82,3,3,0
4/12/20,Monterey,53,87,3,5,0
4/13/20,Monterey,53,87,3,0,0
4/14/20,Monterey,53,100,3,13,0
4/15/20,Monterey,53,103,3,3,0
4/16/20,Monterey,53,119,3,16,0
4/17/20,Monterey,53,119,3,0,0
4/18/20,Monterey,53,136,3,17,0
4/19/20,Monterey,53,141,4,5,1
4/20/20,Monterey,53,148,4,7,0
4/21/20,Monterey,53,150,4,2,0
4/22/20,Monterey,53,154,4,4,0
4/23/20,Monterey,53,164,4,10,0
4/24/20,Monterey,53,169,4,5,0
4/25/20,Monterey,53,176,4,7,0
4/26/20,Monterey,53,183,4,7,0
4/27/20,Monterey,53,185,4,2,0
4/28/20,Monterey,53,191,5,6,1
4/29/20,Monterey,53,206,5,15,0
4/30/20,Monterey,53,213,5,7,0
3/22/20,Napa,55,2,0,,
3/23/20,Napa,55,2,0,0,0
3/24/20,Napa,55,3,0,1,0
3/25/20,Napa,55,6,0,3,0
3/26/20,Napa,55,7,0,1,0
3/27/20,Napa,55,8,0,1,0
3/28/20,Napa,55,10,0,2,0
3/29/20,Napa,55,14,0,4,0
3/30/20,Napa,55,14,0,0,0
3/31/20,Napa,55,15,1,1,1
4/1/20,Napa,55,18,1,3,0
4/2/20,Napa,55,18,1,0,0
4/3/20,Napa,55,20,2,2,1
4/4/20,Napa,55,20,2,0,0
4/5/20,Napa,55,20,2,0,0
4/6/20,Napa,55,22,2,2,0
4/7/20,Napa,55,23,2,1,0
4/8/20,Napa,55,25,2,2,0
4/9/20,Napa,55,28,2,3,0
4/10/20,Napa,55,32,2,4,0
4/11/20,Napa,55,34,2,2,0
4/12/20,Napa,55,34,2,0,0
4/13/20,Napa,55,34,2,0,0
4/14/20,Napa,55,38,2,4,0
4/15/20,Napa,55,38,2,0,0
4/16/20,Napa,55,39,2,1,0
4/17/20,Napa,55,44,2,5,0
4/18/20,Napa,55,47,2,3,0
4/19/20,Napa,55,47,2,0,0
4/20/20,Napa,55,48,2,1,0
4/21/20,Napa,55,54,2,6,0
4/22/20,Napa,55,57,2,3,0
4/23/20,Napa,55,57,2,0,0
4/24/20,Napa,55,58,2,1,0
4/25/20,Napa,55,60,2,2,0
4/26/20,Napa,55,60,2,0,0
4/27/20,Napa,55,64,2,4,0
4/28/20,Napa,55,66,2,2,0
4/29/20,Napa,55,67,2,1,0
4/30/20,Napa,55,67,2,0,0
3/16/20,Nevada,57,1,0,,
3/17/20,Nevada,57,1,0,0,0
3/18/20,Nevada,57,1,0,0,0
3/19/20,Nevada,57,1,0,0,0
3/20/20,Nevada,57,1,0,0,0
3/21/20,Nevada,57,1,0,0,0
3/22/20,Nevada,57,1,0,0,0
3/23/20,Nevada,57,3,0,2,0
3/24/20,Nevada,57,4,0,1,0
3/25/20,Nevada,57,7,0,3,0
3/26/20,Nevada,57,8,0,1,0
3/27/20,Nevada,57,8,0,0,0
3/28/20,Nevada,57,12,0,4,0
3/29/20,Nevada,57,17,0,5,0
3/30/20,Nevada,57,21,0,4,0
3/31/20,Nevada,57,26,0,5,0
4/1/20,Nevada,57,26,0,0,0
4/2/20,Nevada,57,30,0,4,0
4/3/20,Nevada,57,31,1,1,1
4/4/20,Nevada,57,31,1,0,0
4/5/20,Nevada,57,31,1,0,0
4/6/20,Nevada,57,32,1,1,0
4/7/20,Nevada,57,34,1,2,0
4/8/20,Nevada,57,34,1,0,0
4/9/20,Nevada,57,34,1,0,0
4/10/20,Nevada,57,34,1,0,0
4/11/20,Nevada,57,34,1,0,0
4/12/20,Nevada,57,34,1,0,0
4/13/20,Nevada,57,34,1,0,0
4/14/20,Nevada,57,34,1,0,0
4/15/20,Nevada,57,34,1,0,0
4/16/20,Nevada,57,34,1,0,0
4/17/20,Nevada,57,36,1,2,0
4/18/20,Nevada,57,36,1,0,0
4/19/20,Nevada,57,36,1,0,0
4/20/20,Nevada,57,38,1,2,0
4/21/20,Nevada,57,38,1,0,0
4/22/20,Nevada,57,36,1,-2,0
4/23/20,Nevada,57,36,1,0,0
4/24/20,Nevada,57,37,1,1,0
4/25/20,Nevada,57,37,1,0,0
4/26/20,Nevada,57,37,1,0,0
4/27/20,Nevada,57,39,1,2,0
4/28/20,Nevada,57,41,1,2,0
4/29/20,Nevada,57,41,1,0,0
4/30/20,Nevada,57,41,1,0,0
1/26/20,Orange,59,1,0,,
1/27/20,Orange,59,1,0,0,0
1/28/20,Orange,59,1,0,0,0
1/29/20,Orange,59,1,0,0,0
1/30/20,Orange,59,1,0,0,0
1/31/20,Orange,59,1,0,0,0
2/1/20,Orange,59,1,0,0,0
2/2/20,Orange,59,1,0,0,0
2/3/20,Orange,59,1,0,0,0
2/4/20,Orange,59,1,0,0,0
2/5/20,Orange,59,1,0,0,0
2/6/20,Orange,59,1,0,0,0
2/7/20,Orange,59,1,0,0,0
2/8/20,Orange,59,1,0,0,0
2/9/20,Orange,59,1,0,0,0
2/10/20,Orange,59,1,0,0,0
2/11/20,Orange,59,1,0,0,0
2/12/20,Orange,59,1,0,0,0
2/13/20,Orange,59,1,0,0,0
2/14/20,Orange,59,1,0,0,0
2/15/20,Orange,59,1,0,0,0
2/16/20,Orange,59,1,0,0,0
2/17/20,Orange,59,1,0,0,0
2/18/20,Orange,59,1,0,0,0
2/19/20,Orange,59,1,0,0,0
2/20/20,Orange,59,1,0,0,0
2/21/20,Orange,59,1,0,0,0
2/22/20,Orange,59,1,0,0,0
2/23/20,Orange,59,1,0,0,0
2/24/20,Orange,59,1,0,0,0
2/25/20,Orange,59,1,0,0,0
2/26/20,Orange,59,1,0,0,0
2/27/20,Orange,59,1,0,0,0
2/28/20,Orange,59,1,0,0,0
2/29/20,Orange,59,1,0,0,0
3/1/20,Orange,59,1,0,0,0
3/2/20,Orange,59,1,0,0,0
3/3/20,Orange,59,3,0,2,0
3/4/20,Orange,59,3,0,0,0
3/5/20,Orange,59,3,0,0,0
3/6/20,Orange,59,4,0,1,0
3/7/20,Orange,59,4,0,0,0
3/8/20,Orange,59,4,0,0,0
3/9/20,Orange,59,5,0,1,0
3/10/20,Orange,59,5,0,0,0
3/11/20,Orange,59,6,0,1,0
3/12/20,Orange,59,6,0,0,0
3/13/20,Orange,59,6,0,0,0
3/14/20,Orange,59,14,0,8,0
3/15/20,Orange,59,17,0,3,0
3/16/20,Orange,59,22,0,5,0
3/17/20,Orange,59,29,0,7,0
3/18/20,Orange,59,41,0,12,0
3/19/20,Orange,59,51,0,10,0
3/20/20,Orange,59,64,0,13,0
3/21/20,Orange,59,77,0,13,0
3/22/20,Orange,59,94,0,17,0
3/23/20,Orange,59,122,0,28,0
3/24/20,Orange,59,147,1,25,1
3/25/20,Orange,59,184,1,37,0
3/26/20,Orange,59,248,1,64,0
3/27/20,Orange,59,316,3,68,2
3/28/20,Orange,59,395,4,79,1
3/29/20,Orange,59,420,4,25,0
3/30/20,Orange,59,455,4,35,0
3/31/20,Orange,59,494,7,39,3
4/1/20,Orange,59,598,10,104,3
4/2/20,Orange,59,653,13,55,3
4/3/20,Orange,59,710,13,57,0
4/4/20,Orange,59,782,14,72,1
4/5/20,Orange,59,831,14,49,0
4/6/20,Orange,59,881,14,50,0
4/7/20,Orange,59,931,15,50,1
4/8/20,Orange,59,1016,17,85,2
4/9/20,Orange,59,1079,17,63,0
4/10/20,Orange,59,1138,17,59,0
4/11/20,Orange,59,1221,18,83,1
4/12/20,Orange,59,1277,19,56,1
4/13/20,Orange,59,1283,19,6,0
4/14/20,Orange,59,1299,19,16,0
4/15/20,Orange,59,1376,22,77,3
4/16/20,Orange,59,1425,25,49,3
4/17/20,Orange,59,1501,28,76,3
4/18/20,Orange,59,1556,32,55,4
4/19/20,Orange,59,1636,32,80,0
4/20/20,Orange,59,1676,33,40,1
4/21/20,Orange,59,1691,33,15,0
4/22/20,Orange,59,1753,34,62,1
4/23/20,Orange,59,1827,36,74,2
4/24/20,Orange,59,1845,36,18,0
4/25/20,Orange,59,1969,38,124,2
4/26/20,Orange,59,2074,39,105,1
4/27/20,Orange,59,2126,39,52,0
4/28/20,Orange,59,2151,42,25,3
4/29/20,Orange,59,2252,44,101,2
4/30/20,Orange,59,2393,45,141,1
1/26/20,Placer,61,0,0,,
1/31/20,Placer,61,0,0,0,0
2/2/20,Placer,61,0,0,0,0
2/20/20,Placer,61,0,0,0,0
2/21/20,Placer,61,0,0,0,0
2/26/20,Placer,61,0,0,0,0
2/28/20,Placer,61,0,0,0,0
2/29/20,Placer,61,0,0,0,0
3/1/20,Placer,61,0,0,0,0
3/2/20,Placer,61,1,0,1,0
3/3/20,Placer,61,2,0,1,0
3/4/20,Placer,61,2,1,0,1
3/5/20,Placer,61,2,1,0,0
3/6/20,Placer,61,5,1,3,0
3/7/20,Placer,61,5,1,0,0
3/8/20,Placer,61,5,1,0,0
3/9/20,Placer,61,5,1,0,0
3/10/20,Placer,61,7,1,2,0
3/11/20,Placer,61,7,1,0,0
3/12/20,Placer,61,7,1,0,0
3/13/20,Placer,61,7,1,0,0
3/14/20,Placer,61,8,1,1,0
3/15/20,Placer,61,8,1,0,0
3/16/20,Placer,61,8,1,0,0
3/17/20,Placer,61,8,1,0,0
3/18/20,Placer,61,9,1,1,0
3/19/20,Placer,61,9,1,0,0
3/20/20,Placer,61,9,1,0,0
3/21/20,Placer,61,12,1,3,0
3/22/20,Placer,61,12,1,0,0
3/23/20,Placer,61,20,1,8,0
3/24/20,Placer,61,26,1,6,0
3/25/20,Placer,61,30,1,4,0
3/26/20,Placer,61,30,1,0,0
3/27/20,Placer,61,41,1,11,0
3/28/20,Placer,61,44,1,3,0
3/29/20,Placer,61,53,2,9,1
3/30/20,Placer,61,57,2,4,0
3/31/20,Placer,61,67,2,10,0
4/1/20,Placer,61,78,2,11,0
4/2/20,Placer,61,90,2,12,0
4/3/20,Placer,61,97,2,7,0
4/4/20,Placer,61,101,2,4,0
4/5/20,Placer,61,103,3,2,1
4/6/20,Placer,61,106,3,3,0
4/7/20,Placer,61,115,3,9,0
4/8/20,Placer,61,117,4,2,1
4/9/20,Placer,61,120,4,3,0
4/10/20,Placer,61,123,4,3,0
4/11/20,Placer,61,124,4,1,0
4/12/20,Placer,61,124,4,0,0
4/13/20,Placer,61,127,5,3,1
4/14/20,Placer,61,128,5,1,0
4/15/20,Placer,61,129,7,1,2
4/16/20,Placer,61,130,8,1,1
4/17/20,Placer,61,130,8,0,0
4/18/20,Placer,61,131,8,1,0
4/19/20,Placer,61,132,8,1,0
4/20/20,Placer,61,132,8,0,0
4/21/20,Placer,61,133,8,1,0
4/22/20,Placer,61,133,8,0,0
4/23/20,Placer,61,136,8,3,0
4/24/20,Placer,61,139,8,3,0
4/25/20,Placer,61,139,8,0,0
4/26/20,Placer,61,141,8,2,0
4/27/20,Placer,61,143,8,2,0
4/28/20,Placer,61,145,8,2,0
4/29/20,Placer,61,145,8,0,0
4/30/20,Placer,61,147,8,2,0
3/31/20,Plumas,63,1,0,,
4/1/20,Plumas,63,1,0,0,0
4/2/20,Plumas,63,2,0,1,0
4/3/20,Plumas,63,2,0,0,0
4/4/20,Plumas,63,3,0,1,0
4/5/20,Plumas,63,3,0,0,0
4/6/20,Plumas,63,3,0,0,0
4/7/20,Plumas,63,3,0,0,0
4/8/20,Plumas,63,3,0,0,0
4/9/20,Plumas,63,3,0,0,0
4/10/20,Plumas,63,4,0,1,0
4/11/20,Plumas,63,4,0,0,0
4/12/20,Plumas,63,4,0,0,0
4/13/20,Plumas,63,4,0,0,0
4/14/20,Plumas,63,4,0,0,0
4/15/20,Plumas,63,4,0,0,0
4/16/20,Plumas,63,4,0,0,0
4/17/20,Plumas,63,4,0,0,0
4/18/20,Plumas,63,4,0,0,0
4/19/20,Plumas,63,4,0,0,0
4/20/20,Plumas,63,4,0,0,0
4/21/20,Plumas,63,4,0,0,0
4/22/20,Plumas,63,4,0,0,0
4/23/20,Plumas,63,4,0,0,0
4/24/20,Plumas,63,4,0,0,0
4/25/20,Plumas,63,4,0,0,0
4/26/20,Plumas,63,4,0,0,0
4/27/20,Plumas,63,4,0,0,0
4/28/20,Plumas,63,4,0,0,0
4/29/20,Plumas,63,4,0,0,0
4/30/20,Plumas,63,4,0,0,0
1/26/20,Riverside,65,0,0,,
1/31/20,Riverside,65,0,0,0,0
2/2/20,Riverside,65,0,0,0,0
2/20/20,Riverside,65,0,0,0,0
2/21/20,Riverside,65,0,0,0,0
2/26/20,Riverside,65,0,0,0,0
2/28/20,Riverside,65,0,0,0,0
2/29/20,Riverside,65,0,0,0,0
3/1/20,Riverside,65,0,0,0,0
3/2/20,Riverside,65,0,0,0,0
3/3/20,Riverside,65,0,0,0,0
3/4/20,Riverside,65,0,0,0,0
3/5/20,Riverside,65,0,0,0,0
3/6/20,Riverside,65,0,0,0,0
3/7/20,Riverside,65,2,0,2,0
3/8/20,Riverside,65,2,0,0,0
3/9/20,Riverside,65,6,0,4,0
3/10/20,Riverside,65,6,0,0,0
3/11/20,Riverside,65,7,0,1,0
3/12/20,Riverside,65,8,0,1,0
3/13/20,Riverside,65,12,0,4,0
3/14/20,Riverside,65,14,0,2,0
3/15/20,Riverside,65,14,0,0,0
3/16/20,Riverside,65,15,2,1,2
3/17/20,Riverside,65,16,3,1,1
3/18/20,Riverside,65,16,3,0,0
3/19/20,Riverside,65,22,3,6,0
3/20/20,Riverside,65,28,4,6,1
3/21/20,Riverside,65,30,5,2,1
3/22/20,Riverside,65,45,6,15,1
3/23/20,Riverside,65,48,6,3,0
3/24/20,Riverside,65,59,6,11,0
3/25/20,Riverside,65,107,8,48,2
3/26/20,Riverside,65,107,8,0,0
3/27/20,Riverside,65,185,8,78,0
3/28/20,Riverside,65,195,8,10,0
3/29/20,Riverside,65,233,8,38,0
3/30/20,Riverside,65,291,9,58,1
3/31/20,Riverside,65,371,13,80,4
4/1/20,Riverside,65,429,13,58,0
4/2/20,Riverside,65,493,14,64,1
4/3/20,Riverside,65,638,15,145,1
4/4/20,Riverside,65,665,18,27,3
4/5/20,Riverside,65,799,19,134,1
4/6/20,Riverside,65,946,25,147,6
4/7/20,Riverside,65,1016,28,70,3
4/8/20,Riverside,65,1179,32,163,4
4/9/20,Riverside,65,1280,33,101,1
4/10/20,Riverside,65,1350,39,70,6
4/11/20,Riverside,65,1431,41,81,2
4/12/20,Riverside,65,1619,41,188,0
4/13/20,Riverside,65,1751,50,132,9
4/14/20,Riverside,65,1961,50,210,0
4/15/20,Riverside,65,2105,54,144,4
4/16/20,Riverside,65,2264,59,159,5
4/17/20,Riverside,65,2457,69,193,10
4/18/20,Riverside,65,2602,74,145,5
4/19/20,Riverside,65,2638,75,36,1
4/20/20,Riverside,65,2847,85,209,10
4/21/20,Riverside,65,2960,93,113,8
4/22/20,Riverside,65,3084,99,124,6
4/23/20,Riverside,65,3218,100,134,1
4/24/20,Riverside,65,3315,112,97,12
4/25/20,Riverside,65,3409,117,94,5
4/26/20,Riverside,65,3563,118,154,1
4/27/20,Riverside,65,3643,141,80,23
4/28/20,Riverside,65,3735,141,92,0
4/29/20,Riverside,65,3942,143,207,2
4/30/20,Riverside,65,4031,149,89,6
1/26/20,Sacramento,67,0,0,,
1/31/20,Sacramento,67,0,0,0,0
2/2/20,Sacramento,67,0,0,0,0
2/20/20,Sacramento,67,0,0,0,0
2/21/20,Sacramento,67,1,0,1,0
2/22/20,Sacramento,67,1,0,0,0
2/23/20,Sacramento,67,1,0,0,0
2/24/20,Sacramento,67,1,0,0,0
2/25/20,Sacramento,67,1,0,0,0
2/26/20,Sacramento,67,1,0,0,0
2/27/20,Sacramento,67,1,0,0,0
2/28/20,Sacramento,67,1,0,0,0
2/29/20,Sacramento,67,1,0,0,0
3/1/20,Sacramento,67,1,0,0,0
3/2/20,Sacramento,67,1,0,0,0
3/3/20,Sacramento,67,1,0,0,0
3/4/20,Sacramento,67,1,0,0,0
3/5/20,Sacramento,67,3,0,2,0
3/6/20,Sacramento,67,3,0,0,0
3/7/20,Sacramento,67,3,0,0,0
3/8/20,Sacramento,67,3,0,0,0
3/9/20,Sacramento,67,10,0,7,0
3/10/20,Sacramento,67,10,1,0,1
3/11/20,Sacramento,67,10,1,0,0
3/12/20,Sacramento,67,17,1,7,0
3/13/20,Sacramento,67,17,1,0,0
3/14/20,Sacramento,67,29,1,12,0
3/15/20,Sacramento,67,32,1,3,0
3/16/20,Sacramento,67,33,2,1,1
3/17/20,Sacramento,67,40,2,7,0
3/18/20,Sacramento,67,40,2,0,0
3/19/20,Sacramento,67,45,3,5,1
3/20/20,Sacramento,67,53,3,8,0
3/21/20,Sacramento,67,53,3,0,0
3/22/20,Sacramento,67,53,3,0,0
3/23/20,Sacramento,67,88,4,35,1
3/24/20,Sacramento,67,88,4,0,0
3/25/20,Sacramento,67,113,5,25,1
3/26/20,Sacramento,67,113,5,0,0
3/27/20,Sacramento,67,164,6,51,1
3/28/20,Sacramento,67,164,6,0,0
3/29/20,Sacramento,67,164,6,0,0
3/30/20,Sacramento,67,224,7,60,1
3/31/20,Sacramento,67,224,7,0,0
4/1/20,Sacramento,67,314,9,90,2
4/2/20,Sacramento,67,341,9,27,0
4/3/20,Sacramento,67,390,10,49,1
4/4/20,Sacramento,67,390,10,0,0
4/5/20,Sacramento,67,442,16,52,6
4/6/20,Sacramento,67,462,18,20,2
4/7/20,Sacramento,67,525,21,63,3
4/8/20,Sacramento,67,580,22,55,1
4/9/20,Sacramento,67,613,22,33,0
4/10/20,Sacramento,67,653,24,40,2
4/11/20,Sacramento,67,699,26,46,2
4/12/20,Sacramento,67,707,26,8,0
4/13/20,Sacramento,67,739,27,32,1
4/14/20,Sacramento,67,816,28,77,1
4/15/20,Sacramento,67,853,32,37,4
4/16/20,Sacramento,67,879,32,26,0
4/17/20,Sacramento,67,896,32,17,0
4/18/20,Sacramento,67,914,33,18,1
4/19/20,Sacramento,67,925,34,11,1
4/20/20,Sacramento,67,940,34,15,0
4/21/20,Sacramento,67,954,35,14,1
4/22/20,Sacramento,67,971,36,17,1
4/23/20,Sacramento,67,987,41,16,5
4/24/20,Sacramento,67,1019,41,32,0
4/25/20,Sacramento,67,1025,41,6,0
4/26/20,Sacramento,67,1037,41,12,0
4/27/20,Sacramento,67,1045,41,8,0
4/28/20,Sacramento,67,1053,41,8,0
4/29/20,Sacramento,67,1068,42,15,1
4/30/20,Sacramento,67,1077,43,9,1
1/26/20,San Benito,69,0,0,,
1/31/20,San Benito,69,0,0,0,0
2/2/20,San Benito,69,2,0,2,0
2/3/20,San Benito,69,2,0,0,0
2/4/20,San Benito,69,2,0,0,0
2/5/20,San Benito,69,2,0,0,0
2/6/20,San Benito,69,2,0,0,0
2/7/20,San Benito,69,2,0,0,0
2/8/20,San Benito,69,2,0,0,0
2/9/20,San Benito,69,2,0,0,0
2/10/20,San Benito,69,2,0,0,0
2/11/20,San Benito,69,2,0,0,0
2/12/20,San Benito,69,2,0,0,0
2/13/20,San Benito,69,2,0,0,0
2/14/20,San Benito,69,2,0,0,0
2/15/20,San Benito,69,2,0,0,0
2/16/20,San Benito,69,2,0,0,0
2/17/20,San Benito,69,2,0,0,0
2/18/20,San Benito,69,2,0,0,0
2/19/20,San Benito,69,2,0,0,0
2/20/20,San Benito,69,2,0,0,0
2/21/20,San Benito,69,2,0,0,0
2/22/20,San Benito,69,2,0,0,0
2/23/20,San Benito,69,2,0,0,0
2/24/20,San Benito,69,2,0,0,0
2/25/20,San Benito,69,2,0,0,0
2/26/20,San Benito,69,2,0,0,0
2/27/20,San Benito,69,2,0,0,0
2/28/20,San Benito,69,2,0,0,0
2/29/20,San Benito,69,2,0,0,0
3/1/20,San Benito,69,2,0,0,0
3/2/20,San Benito,69,2,0,0,0
3/3/20,San Benito,69,2,0,0,0
3/4/20,San Benito,69,2,0,0,0
3/5/20,San Benito,69,2,0,0,0
3/6/20,San Benito,69,2,0,0,0
3/7/20,San Benito,69,2,0,0,0
3/8/20,San Benito,69,2,0,0,0
3/9/20,San Benito,69,2,0,0,0
3/10/20,San Benito,69,2,0,0,0
3/11/20,San Benito,69,2,0,0,0
3/12/20,San Benito,69,2,0,0,0
3/13/20,San Benito,69,3,0,1,0
3/14/20,San Benito,69,3,0,0,0
3/15/20,San Benito,69,3,0,0,0
3/16/20,San Benito,69,3,1,0,1
3/17/20,San Benito,69,4,1,1,0
3/18/20,San Benito,69,5,1,1,0
3/19/20,San Benito,69,5,1,0,0
3/20/20,San Benito,69,5,1,0,0
3/21/20,San Benito,69,5,1,0,0
3/22/20,San Benito,69,6,1,1,0
3/23/20,San Benito,69,6,1,0,0
3/24/20,San Benito,69,7,1,1,0
3/25/20,San Benito,69,9,1,2,0
3/26/20,San Benito,69,12,1,3,0
3/27/20,San Benito,69,14,1,2,0
3/28/20,San Benito,69,14,1,0,0
3/29/20,San Benito,69,14,1,0,0
3/30/20,San Benito,69,17,1,3,0
3/31/20,San Benito,69,21,1,4,0
4/1/20,San Benito,69,23,1,2,0
4/2/20,San Benito,69,23,1,0,0
4/3/20,San Benito,69,23,2,0,1
4/4/20,San Benito,69,23,2,0,0
4/5/20,San Benito,69,23,2,0,0
4/6/20,San Benito,69,30,2,7,0
4/7/20,San Benito,69,31,2,1,0
4/8/20,San Benito,69,33,2,2,0
4/9/20,San Benito,69,34,2,1,0
4/10/20,San Benito,69,35,2,1,0
4/11/20,San Benito,69,35,2,0,0
4/12/20,San Benito,69,35,2,0,0
4/13/20,San Benito,69,38,2,3,0
4/14/20,San Benito,69,39,2,1,0
4/15/20,San Benito,69,41,2,2,0
4/16/20,San Benito,69,42,2,1,0
4/17/20,San Benito,69,44,2,2,0
4/18/20,San Benito,69,44,2,0,0
4/19/20,San Benito,69,44,2,0,0
4/20/20,San Benito,69,44,2,0,0
4/21/20,San Benito,69,45,2,1,0
4/22/20,San Benito,69,46,2,1,0
4/23/20,San Benito,69,47,2,1,0
4/24/20,San Benito,69,47,2,0,0
4/25/20,San Benito,69,47,2,0,0
4/26/20,San Benito,69,47,2,0,0
4/27/20,San Benito,69,48,2,1,0
4/28/20,San Benito,69,50,2,2,0
4/29/20,San Benito,69,50,2,0,0
4/30/20,San Benito,69,51,2,1,0
3/15/20,San Bernardino,71,1,0,,
3/16/20,San Bernardino,71,2,0,1,0
3/17/20,San Bernardino,71,3,0,1,0
3/18/20,San Bernardino,71,5,0,2,0
3/19/20,San Bernardino,71,5,0,0,0
3/20/20,San Bernardino,71,9,0,4,0
3/21/20,San Bernardino,71,10,0,1,0
3/22/20,San Bernardino,71,17,0,7,0
3/23/20,San Bernardino,71,17,0,0,0
3/24/20,San Bernardino,71,38,1,21,1
3/25/20,San Bernardino,71,54,2,16,1
3/26/20,San Bernardino,71,55,3,1,1
3/27/20,San Bernardino,71,64,3,9,0
3/28/20,San Bernardino,71,76,3,12,0
3/29/20,San Bernardino,71,111,3,35,0
3/30/20,San Bernardino,71,111,3,0,0
3/31/20,San Bernardino,71,183,6,72,3
4/1/20,San Bernardino,71,254,6,71,0
4/2/20,San Bernardino,71,304,8,50,2
4/3/20,San Bernardino,71,353,13,49,5
4/4/20,San Bernardino,71,372,13,19,0
4/5/20,San Bernardino,71,373,13,1,0
4/6/20,San Bernardino,71,530,16,157,3
4/7/20,San Bernardino,71,547,17,17,1
4/8/20,San Bernardino,71,641,20,94,3
4/9/20,San Bernardino,71,729,24,88,4
4/10/20,San Bernardino,71,810,25,81,1
4/11/20,San Bernardino,71,810,25,0,0
4/12/20,San Bernardino,71,887,31,77,6
4/13/20,San Bernardino,71,977,31,90,0
4/14/20,San Bernardino,71,977,31,0,0
4/15/20,San Bernardino,71,996,39,19,8
4/16/20,San Bernardino,71,1032,47,36,8
4/17/20,San Bernardino,71,1096,55,64,8
4/18/20,San Bernardino,71,1219,57,123,2
4/19/20,San Bernardino,71,1286,57,67,0
4/20/20,San Bernardino,71,1406,60,120,3
4/21/20,San Bernardino,71,1489,67,83,7
4/22/20,San Bernardino,71,1578,72,89,5
4/23/20,San Bernardino,71,1608,77,30,5
4/24/20,San Bernardino,71,1666,80,58,3
4/25/20,San Bernardino,71,1732,82,66,2
4/26/20,San Bernardino,71,1751,82,19,0
4/27/20,San Bernardino,71,1772,82,21,0
4/28/20,San Bernardino,71,1827,85,55,3
4/29/20,San Bernardino,71,1928,89,101,4
4/30/20,San Bernardino,71,2058,93,130,4
1/26/20,San Diego,73,0,0,,
1/31/20,San Diego,73,0,0,0,0
2/2/20,San Diego,73,0,0,0,0
2/20/20,San Diego,73,0,0,0,0
2/21/20,San Diego,73,0,0,0,0
2/26/20,San Diego,73,0,0,0,0
2/28/20,San Diego,73,0,0,0,0
2/29/20,San Diego,73,0,0,0,0
3/1/20,San Diego,73,0,0,0,0
3/2/20,San Diego,73,0,0,0,0
3/3/20,San Diego,73,0,0,0,0
3/4/20,San Diego,73,0,0,0,0
3/5/20,San Diego,73,0,0,0,0
3/6/20,San Diego,73,0,0,0,0
3/7/20,San Diego,73,0,0,0,0
3/8/20,San Diego,73,1,0,1,0
3/9/20,San Diego,73,2,0,1,0
3/10/20,San Diego,73,2,0,0,0
3/11/20,San Diego,73,4,0,2,0
3/12/20,San Diego,73,5,0,1,0
3/13/20,San Diego,73,10,0,5,0
3/14/20,San Diego,73,19,0,9,0
3/15/20,San Diego,73,25,0,6,0
3/16/20,San Diego,73,37,0,12,0
3/17/20,San Diego,73,50,0,13,0
3/18/20,San Diego,73,59,0,9,0
3/19/20,San Diego,73,70,0,11,0
3/20/20,San Diego,73,100,0,30,0
3/21/20,San Diego,73,118,0,18,0
3/22/20,San Diego,73,143,1,25,1
3/23/20,San Diego,73,197,1,54,0
3/24/20,San Diego,73,232,2,35,1
3/25/20,San Diego,73,283,2,51,0
3/26/20,San Diego,73,341,3,58,1
3/27/20,San Diego,73,417,6,76,3
3/28/20,San Diego,73,488,7,71,1
3/29/20,San Diego,73,519,7,31,0
3/30/20,San Diego,73,603,7,84,0
3/31/20,San Diego,73,734,9,131,2
4/1/20,San Diego,73,849,15,115,6
4/2/20,San Diego,73,966,16,117,1
4/3/20,San Diego,73,1112,17,146,1
4/4/20,San Diego,73,1209,18,97,1
4/5/20,San Diego,73,1326,19,117,1
4/6/20,San Diego,73,1404,19,78,0
4/7/20,San Diego,73,1454,31,50,12
4/8/20,San Diego,73,1530,36,76,5
4/9/20,San Diego,73,1628,40,98,4
4/10/20,San Diego,73,1693,44,65,4
4/11/20,San Diego,73,1761,45,68,1
4/12/20,San Diego,73,1804,45,43,0
4/13/20,San Diego,73,1847,47,43,2
4/14/20,San Diego,73,1930,53,83,6
4/15/20,San Diego,73,2012,60,82,7
4/16/20,San Diego,73,2087,63,75,3
4/17/20,San Diego,73,2158,70,71,7
4/18/20,San Diego,73,2213,71,55,1
4/19/20,San Diego,73,2268,71,55,0
4/20/20,San Diego,73,2325,72,57,1
4/21/20,San Diego,73,2434,87,109,15
4/22/20,San Diego,73,2491,96,57,9
4/23/20,San Diego,73,2643,100,152,4
4/24/20,San Diego,73,2826,102,183,2
4/25/20,San Diego,73,2943,111,117,9
4/26/20,San Diego,73,3043,111,100,0
4/27/20,San Diego,73,3141,113,98,2
4/28/20,San Diego,73,3314,118,173,5
4/29/20,San Diego,73,3432,120,118,2
4/30/20,San Diego,73,3564,124,132,4
1/26/20,San Francisco,75,0,0,,
1/31/20,San Francisco,75,0,0,0,0
2/2/20,San Francisco,75,0,0,0,0
2/20/20,San Francisco,75,0,0,0,0
2/21/20,San Francisco,75,0,0,0,0
2/26/20,San Francisco,75,0,0,0,0
2/28/20,San Francisco,75,0,0,0,0
2/29/20,San Francisco,75,0,0,0,0
3/1/20,San Francisco,75,0,0,0,0
3/2/20,San Francisco,75,0,0,0,0
3/3/20,San Francisco,75,0,0,0,0
3/4/20,San Francisco,75,0,0,0,0
3/5/20,San Francisco,75,2,0,2,0
3/6/20,San Francisco,75,2,0,0,0
3/7/20,San Francisco,75,8,0,6,0
3/8/20,San Francisco,75,8,0,0,0
3/9/20,San Francisco,75,13,0,5,0
3/10/20,San Francisco,75,14,0,1,0
3/11/20,San Francisco,75,14,0,0,0
3/12/20,San Francisco,75,18,0,4,0
3/13/20,San Francisco,75,23,0,5,0
3/14/20,San Francisco,75,28,0,5,0
3/15/20,San Francisco,75,37,0,9,0
3/16/20,San Francisco,75,40,0,3,0
3/17/20,San Francisco,75,43,0,3,0
3/18/20,San Francisco,75,51,0,8,0
3/19/20,San Francisco,75,70,0,19,0
3/20/20,San Francisco,75,76,0,6,0
3/21/20,San Francisco,75,84,0,8,0
3/22/20,San Francisco,75,108,0,24,0
3/23/20,San Francisco,75,131,0,23,0
3/24/20,San Francisco,75,152,1,21,1
3/25/20,San Francisco,75,178,1,26,0
3/26/20,San Francisco,75,223,2,45,1
3/27/20,San Francisco,75,279,3,56,1
3/28/20,San Francisco,75,308,4,29,1
3/29/20,San Francisco,75,340,5,32,1
3/30/20,San Francisco,75,374,6,34,1
3/31/20,San Francisco,75,397,6,23,0
4/1/20,San Francisco,75,434,7,37,1
4/2/20,San Francisco,75,450,7,16,0
4/3/20,San Francisco,75,497,7,47,0
4/4/20,San Francisco,75,529,8,32,1
4/5/20,San Francisco,75,568,8,39,0
4/6/20,San Francisco,75,583,9,15,1
4/7/20,San Francisco,75,622,9,39,0
4/8/20,San Francisco,75,676,10,54,1
4/9/20,San Francisco,75,724,10,48,0
4/10/20,San Francisco,75,797,13,73,3
4/11/20,San Francisco,75,857,13,60,0
4/12/20,San Francisco,75,872,14,15,1
4/13/20,San Francisco,75,957,15,85,1
4/14/20,San Francisco,75,987,15,30,0
4/15/20,San Francisco,75,1013,17,26,2
4/16/20,San Francisco,75,1019,17,6,0
4/17/20,San Francisco,75,1058,20,39,3
4/18/20,San Francisco,75,1137,20,79,0
4/19/20,San Francisco,75,1157,20,20,0
4/20/20,San Francisco,75,1216,20,59,0
4/21/20,San Francisco,75,1231,20,15,0
4/22/20,San Francisco,75,1233,21,2,1
4/23/20,San Francisco,75,1302,21,69,0
4/24/20,San Francisco,75,1340,22,38,1
4/25/20,San Francisco,75,1354,22,14,0
4/26/20,San Francisco,75,1408,22,54,0
4/27/20,San Francisco,75,1424,23,16,1
4/28/20,San Francisco,75,1468,23,44,0
4/29/20,San Francisco,75,1490,23,22,0
4/30/20,San Francisco,75,1499,25,9,2
3/13/20,San Joaquin,77,8,0,,
3/14/20,San Joaquin,77,8,0,0,0
3/15/20,San Joaquin,77,8,0,0,0
3/16/20,San Joaquin,77,9,0,1,0
3/17/20,San Joaquin,77,13,0,4,0
3/18/20,San Joaquin,77,14,2,1,2
3/19/20,San Joaquin,77,17,2,3,0
3/20/20,San Joaquin,77,20,2,3,0
3/21/20,San Joaquin,77,31,2,11,0
3/22/20,San Joaquin,77,41,2,10,0
3/23/20,San Joaquin,77,51,2,10,0
3/24/20,San Joaquin,77,60,2,9,0
3/25/20,San Joaquin,77,71,3,11,1
3/26/20,San Joaquin,77,83,3,12,0
3/27/20,San Joaquin,77,93,4,10,1
3/28/20,San Joaquin,77,108,4,15,0
3/29/20,San Joaquin,77,121,5,13,1
3/30/20,San Joaquin,77,136,6,15,1
3/31/20,San Joaquin,77,151,8,15,2
4/1/20,San Joaquin,77,161,8,10,0
4/2/20,San Joaquin,77,178,10,17,2
4/3/20,San Joaquin,77,185,11,7,1
4/4/20,San Joaquin,77,191,11,6,0
4/5/20,San Joaquin,77,203,11,12,0
4/6/20,San Joaquin,77,212,11,9,0
4/7/20,San Joaquin,77,223,13,11,2
4/8/20,San Joaquin,77,237,14,14,1
4/9/20,San Joaquin,77,245,14,8,0
4/10/20,San Joaquin,77,257,14,12,0
4/11/20,San Joaquin,77,260,15,3,1
4/12/20,San Joaquin,77,273,16,13,1
4/13/20,San Joaquin,77,309,17,36,1
4/14/20,San Joaquin,77,335,17,26,0
4/15/20,San Joaquin,77,364,17,29,0
4/16/20,San Joaquin,77,369,17,5,0
4/17/20,San Joaquin,77,398,17,29,0
4/18/20,San Joaquin,77,410,17,12,0
4/19/20,San Joaquin,77,418,17,8,0
4/20/20,San Joaquin,77,446,18,28,1
4/21/20,San Joaquin,77,456,20,10,2
4/22/20,San Joaquin,77,472,20,16,0
4/23/20,San Joaquin,77,487,22,15,2
4/24/20,San Joaquin,77,495,24,8,2
4/25/20,San Joaquin,77,507,25,12,1
4/26/20,San Joaquin,77,523,25,16,0
4/27/20,San Joaquin,77,527,25,4,0
4/28/20,San Joaquin,77,529,25,2,0
4/29/20,San Joaquin,77,540,25,11,0
4/30/20,San Joaquin,77,543,25,3,0
3/14/20,San Luis Obispo,79,1,0,,
3/15/20,San Luis Obispo,79,2,0,1,0
3/16/20,San Luis Obispo,79,3,0,1,0
3/17/20,San Luis Obispo,79,6,0,3,0
3/18/20,San Luis Obispo,79,7,0,1,0
3/19/20,San Luis Obispo,79,13,0,6,0
3/20/20,San Luis Obispo,79,16,0,3,0
3/21/20,San Luis Obispo,79,21,0,5,0
3/22/20,San Luis Obispo,79,27,0,6,0
3/23/20,San Luis Obispo,79,33,0,6,0
3/24/20,San Luis Obispo,79,42,0,9,0
3/25/20,San Luis Obispo,79,46,0,4,0
3/26/20,San Luis Obispo,79,54,0,8,0
3/27/20,San Luis Obispo,79,59,0,5,0
3/28/20,San Luis Obispo,79,67,0,8,0
3/29/20,San Luis Obispo,79,71,0,4,0
3/30/20,San Luis Obispo,79,77,0,6,0
3/31/20,San Luis Obispo,79,80,0,3,0
4/1/20,San Luis Obispo,79,83,0,3,0
4/2/20,San Luis Obispo,79,89,0,6,0
4/3/20,San Luis Obispo,79,93,0,4,0
4/4/20,San Luis Obispo,79,93,0,0,0
4/5/20,San Luis Obispo,79,95,1,2,1
4/6/20,San Luis Obispo,79,95,1,0,0
4/7/20,San Luis Obispo,79,99,1,4,0
4/8/20,San Luis Obispo,79,102,1,3,0
4/9/20,San Luis Obispo,79,104,1,2,0
4/10/20,San Luis Obispo,79,107,1,3,0
4/11/20,San Luis Obispo,79,110,1,3,0
4/12/20,San Luis Obispo,79,114,1,4,0
4/13/20,San Luis Obispo,79,117,1,3,0
4/14/20,San Luis Obispo,79,120,1,3,0
4/15/20,San Luis Obispo,79,124,1,4,0
4/16/20,San Luis Obispo,79,125,1,1,0
4/17/20,San Luis Obispo,79,127,1,2,0
4/18/20,San Luis Obispo,79,131,1,4,0
4/19/20,San Luis Obispo,79,132,1,1,0
4/20/20,San Luis Obispo,79,132,1,0,0
4/21/20,San Luis Obispo,79,134,1,2,0
4/22/20,San Luis Obispo,79,142,1,8,0
4/23/20,San Luis Obispo,79,149,1,7,0
4/24/20,San Luis Obispo,79,163,1,14,0
4/25/20,San Luis Obispo,79,165,1,2,0
4/26/20,San Luis Obispo,79,166,1,1,0
4/27/20,San Luis Obispo,79,169,1,3,0
4/28/20,San Luis Obispo,79,173,1,4,0
4/29/20,San Luis Obispo,79,181,1,8,0
4/30/20,San Luis Obispo,79,184,1,3,0
1/26/20,San Mateo,81,0,0,,
1/31/20,San Mateo,81,0,0,0,0
2/2/20,San Mateo,81,0,0,0,0
2/20/20,San Mateo,81,0,0,0,0
2/21/20,San Mateo,81,0,0,0,0
2/26/20,San Mateo,81,0,0,0,0
2/28/20,San Mateo,81,0,0,0,0
2/29/20,San Mateo,81,1,0,1,0
3/1/20,San Mateo,81,1,0,0,0
3/2/20,San Mateo,81,2,0,1,0
3/3/20,San Mateo,81,2,0,0,0
3/4/20,San Mateo,81,2,0,0,0
3/5/20,San Mateo,81,2,0,0,0
3/6/20,San Mateo,81,2,0,0,0
3/7/20,San Mateo,81,2,0,0,0
3/8/20,San Mateo,81,2,0,0,0
3/9/20,San Mateo,81,9,0,7,0
3/10/20,San Mateo,81,9,0,0,0
3/11/20,San Mateo,81,15,0,6,0
3/12/20,San Mateo,81,20,0,5,0
3/13/20,San Mateo,81,20,0,0,0
3/14/20,San Mateo,81,32,0,12,0
3/15/20,San Mateo,81,32,1,0,1
3/16/20,San Mateo,81,42,1,10,0
3/17/20,San Mateo,81,64,1,22,0
3/18/20,San Mateo,81,80,1,16,0
3/19/20,San Mateo,81,89,1,9,0
3/20/20,San Mateo,81,100,1,11,0
3/21/20,San Mateo,81,110,1,10,0
3/22/20,San Mateo,81,117,1,7,0
3/23/20,San Mateo,81,142,1,25,0
3/24/20,San Mateo,81,161,2,19,1
3/25/20,San Mateo,81,165,5,4,3
3/26/20,San Mateo,81,195,5,30,0
3/27/20,San Mateo,81,239,6,44,1
3/28/20,San Mateo,81,274,6,35,0
3/29/20,San Mateo,81,277,6,3,0
3/30/20,San Mateo,81,309,10,32,4
3/31/20,San Mateo,81,388,10,79,0
4/1/20,San Mateo,81,388,10,0,0
4/2/20,San Mateo,81,453,10,65,0
4/3/20,San Mateo,81,486,13,33,3
4/4/20,San Mateo,81,538,13,52,0
4/5/20,San Mateo,81,555,13,17,0
4/6/20,San Mateo,81,579,13,24,0
4/7/20,San Mateo,81,589,21,10,8
4/8/20,San Mateo,81,617,21,28,0
4/9/20,San Mateo,81,633,21,16,0
4/10/20,San Mateo,81,638,21,5,0
4/11/20,San Mateo,81,652,21,14,0
4/12/20,San Mateo,81,652,21,0,0
4/13/20,San Mateo,81,701,21,49,0
4/14/20,San Mateo,81,747,21,46,0
4/15/20,San Mateo,81,767,28,20,7
4/16/20,San Mateo,81,797,28,30,0
4/17/20,San Mateo,81,838,28,41,0
4/18/20,San Mateo,81,838,28,0,0
4/19/20,San Mateo,81,838,28,0,0
4/20/20,San Mateo,81,920,28,82,0
4/21/20,San Mateo,81,935,28,15,0
4/22/20,San Mateo,81,958,39,23,11
4/23/20,San Mateo,81,966,39,8,0
4/24/20,San Mateo,81,989,41,23,2
4/25/20,San Mateo,81,1019,41,30,0
4/26/20,San Mateo,81,1019,41,0,0
4/27/20,San Mateo,81,1080,41,61,0
4/28/20,San Mateo,81,1099,48,19,7
4/29/20,San Mateo,81,1136,48,37,0
4/30/20,San Mateo,81,1177,48,41,0
3/15/20,Santa Barbara,83,1,0,,
3/16/20,Santa Barbara,83,1,0,0,0
3/17/20,Santa Barbara,83,2,0,1,0
3/18/20,Santa Barbara,83,3,0,1,0
3/19/20,Santa Barbara,83,8,0,5,0
3/20/20,Santa Barbara,83,9,0,1,0
3/21/20,Santa Barbara,83,13,0,4,0
3/22/20,Santa Barbara,83,18,0,5,0
3/23/20,Santa Barbara,83,18,0,0,0
3/24/20,Santa Barbara,83,24,0,6,0
3/25/20,Santa Barbara,83,26,0,2,0
3/26/20,Santa Barbara,83,32,0,6,0
3/27/20,Santa Barbara,83,47,0,15,0
3/28/20,Santa Barbara,83,64,0,17,0
3/29/20,Santa Barbara,83,68,0,4,0
3/30/20,Santa Barbara,83,88,0,20,0
3/31/20,Santa Barbara,83,99,0,11,0
4/1/20,Santa Barbara,83,111,1,12,1
4/2/20,Santa Barbara,83,139,1,28,0
4/3/20,Santa Barbara,83,152,1,13,0
4/4/20,Santa Barbara,83,168,1,16,0
4/5/20,Santa Barbara,83,174,2,6,1
4/6/20,Santa Barbara,83,192,2,18,0
4/7/20,Santa Barbara,83,218,2,26,0
4/8/20,Santa Barbara,83,228,2,10,0
4/9/20,Santa Barbara,83,243,2,15,0
4/10/20,Santa Barbara,83,260,2,17,0
4/11/20,Santa Barbara,83,264,2,4,0
4/12/20,Santa Barbara,83,267,2,3,0
4/13/20,Santa Barbara,83,284,2,17,0
4/14/20,Santa Barbara,83,313,2,29,0
4/15/20,Santa Barbara,83,334,2,21,0
4/16/20,Santa Barbara,83,354,3,20,1
4/17/20,Santa Barbara,83,373,3,19,0
4/18/20,Santa Barbara,83,385,4,12,1
4/19/20,Santa Barbara,83,394,4,9,0
4/20/20,Santa Barbara,83,416,4,22,0
4/21/20,Santa Barbara,83,429,5,13,1
4/22/20,Santa Barbara,83,440,5,11,0
4/23/20,Santa Barbara,83,451,5,11,0
4/24/20,Santa Barbara,83,460,6,9,1
4/25/20,Santa Barbara,83,469,7,9,1
4/26/20,Santa Barbara,83,471,7,2,0
4/27/20,Santa Barbara,83,473,7,2,0
4/28/20,Santa Barbara,83,477,7,4,0
4/29/20,Santa Barbara,83,485,8,8,1
4/30/20,Santa Barbara,83,496,8,11,0
1/26/20,Santa Clara,85,0,0,,
1/27/20,Santa Clara,85,1,0,1,0
1/28/20,Santa Clara,85,1,0,0,0
1/29/20,Santa Clara,85,2,0,1,0
1/30/20,Santa Clara,85,2,0,0,0
1/31/20,Santa Clara,85,2,0,0,0
2/1/20,Santa Clara,85,2,0,0,0
2/2/20,Santa Clara,85,2,0,0,0
2/3/20,Santa Clara,85,2,0,0,0
2/4/20,Santa Clara,85,2,0,0,0
2/5/20,Santa Clara,85,2,0,0,0
2/6/20,Santa Clara,85,2,0,0,0
2/7/20,Santa Clara,85,2,0,0,0
2/8/20,Santa Clara,85,2,0,0,0
2/9/20,Santa Clara,85,2,0,0,0
2/10/20,Santa Clara,85,2,0,0,0
2/11/20,Santa Clara,85,2,0,0,0
2/12/20,Santa Clara,85,2,0,0,0
2/13/20,Santa Clara,85,2,0,0,0
2/14/20,Santa Clara,85,2,0,0,0
2/15/20,Santa Clara,85,2,0,0,0
2/16/20,Santa Clara,85,2,0,0,0
2/17/20,Santa Clara,85,3,0,1,0
2/18/20,Santa Clara,85,3,0,0,0
2/19/20,Santa Clara,85,3,0,0,0
2/20/20,Santa Clara,85,3,0,0,0
2/21/20,Santa Clara,85,4,0,1,0
2/22/20,Santa Clara,85,4,0,0,0
2/23/20,Santa Clara,85,4,0,0,0
2/24/20,Santa Clara,85,5,0,1,0
2/25/20,Santa Clara,85,5,0,0,0
2/26/20,Santa Clara,85,7,0,2,0
2/27/20,Santa Clara,85,7,0,0,0
2/28/20,Santa Clara,85,9,0,2,0
2/29/20,Santa Clara,85,13,0,4,0
3/1/20,Santa Clara,85,13,0,0,0
3/2/20,Santa Clara,85,18,0,5,0
3/3/20,Santa Clara,85,20,0,2,0
3/4/20,Santa Clara,85,24,0,4,0
3/5/20,Santa Clara,85,31,0,7,0
3/6/20,Santa Clara,85,40,0,9,0
3/7/20,Santa Clara,85,49,0,9,0
3/8/20,Santa Clara,85,53,0,4,0
3/9/20,Santa Clara,85,70,1,17,1
3/10/20,Santa Clara,85,85,1,15,0
3/11/20,Santa Clara,85,111,1,26,0
3/12/20,Santa Clara,85,134,1,23,0
3/13/20,Santa Clara,85,180,2,46,1
3/14/20,Santa Clara,85,223,2,43,0
3/15/20,Santa Clara,85,255,2,32,0
3/16/20,Santa Clara,85,290,4,35,2
3/17/20,Santa Clara,85,337,5,47,1
3/18/20,Santa Clara,85,390,6,53,1
3/19/20,Santa Clara,85,442,6,52,0
3/20/20,Santa Clara,85,504,8,62,2
3/21/20,Santa Clara,85,543,8,39,0
3/22/20,Santa Clara,85,581,10,38,2
3/23/20,Santa Clara,85,655,13,74,3
3/24/20,Santa Clara,85,724,16,69,3
3/25/20,Santa Clara,85,801,19,77,3
3/26/20,Santa Clara,85,875,19,74,0
3/27/20,Santa Clara,85,937,20,62,1
3/28/20,Santa Clara,85,978,25,41,5
3/29/20,Santa Clara,85,1001,25,23,0
3/30/20,Santa Clara,85,1079,28,78,3
3/31/20,Santa Clara,85,1135,30,56,2
4/1/20,Santa Clara,85,1189,32,54,2
4/2/20,Santa Clara,85,1246,36,57,4
4/3/20,Santa Clara,85,1286,38,40,2
4/4/20,Santa Clara,85,1317,39,31,1
4/5/20,Santa Clara,85,1359,39,42,0
4/6/20,Santa Clara,85,1413,42,54,3
4/7/20,Santa Clara,85,1453,43,40,1
4/8/20,Santa Clara,85,1528,46,75,3
4/9/20,Santa Clara,85,1595,47,67,1
4/10/20,Santa Clara,85,1674,50,79,3
4/11/20,Santa Clara,85,1715,51,41,1
4/12/20,Santa Clara,85,1741,54,26,3
4/13/20,Santa Clara,85,1779,60,38,6
4/14/20,Santa Clara,85,1820,60,41,0
4/15/20,Santa Clara,85,1843,65,23,5
4/16/20,Santa Clara,85,1863,69,20,4
4/17/20,Santa Clara,85,1899,73,36,4
4/18/20,Santa Clara,85,1909,73,10,0
4/19/20,Santa Clara,85,1921,73,12,0
4/20/20,Santa Clara,85,1932,83,11,10
4/21/20,Santa Clara,85,1934,88,2,5
4/22/20,Santa Clara,85,1962,94,28,6
4/23/20,Santa Clara,85,1987,95,25,1
4/24/20,Santa Clara,85,2018,98,31,3
4/25/20,Santa Clara,85,2040,99,22,1
4/26/20,Santa Clara,85,2084,100,44,1
4/27/20,Santa Clara,85,2105,103,21,3
4/28/20,Santa Clara,85,2122,106,17,3
4/29/20,Santa Clara,85,2134,107,12,1
4/30/20,Santa Clara,85,2163,111,29,4
1/26/20,Santa Cruz,87,0,0,,
1/31/20,Santa Cruz,87,0,0,0,0
2/2/20,Santa Cruz,87,0,0,0,0
2/20/20,Santa Cruz,87,0,0,0,0
2/21/20,Santa Cruz,87,0,0,0,0
2/26/20,Santa Cruz,87,0,0,0,0
2/28/20,Santa Cruz,87,0,0,0,0
2/29/20,Santa Cruz,87,0,0,0,0
3/1/20,Santa Cruz,87,0,0,0,0
3/2/20,Santa Cruz,87,0,0,0,0
3/3/20,Santa Cruz,87,0,0,0,0
3/4/20,Santa Cruz,87,0,0,0,0
3/5/20,Santa Cruz,87,0,0,0,0
3/6/20,Santa Cruz,87,0,0,0,0
3/7/20,Santa Cruz,87,1,0,1,0
3/8/20,Santa Cruz,87,1,0,0,0
3/9/20,Santa Cruz,87,2,0,1,0
3/10/20,Santa Cruz,87,2,0,0,0
3/11/20,Santa Cruz,87,4,0,2,0
3/12/20,Santa Cruz,87,4,0,0,0
3/13/20,Santa Cruz,87,7,0,3,0
3/14/20,Santa Cruz,87,7,0,0,0
3/15/20,Santa Cruz,87,7,0,0,0
3/16/20,Santa Cruz,87,9,0,2,0
3/17/20,Santa Cruz,87,13,0,4,0
3/18/20,Santa Cruz,87,13,0,0,0
3/19/20,Santa Cruz,87,14,0,1,0
3/20/20,Santa Cruz,87,15,0,1,0
3/21/20,Santa Cruz,87,15,0,0,0
3/22/20,Santa Cruz,87,15,0,0,0
3/23/20,Santa Cruz,87,22,0,7,0
3/24/20,Santa Cruz,87,24,0,2,0
3/25/20,Santa Cruz,87,25,0,1,0
3/26/20,Santa Cruz,87,32,0,7,0
3/27/20,Santa Cruz,87,34,0,2,0
3/28/20,Santa Cruz,87,39,0,5,0
3/29/20,Santa Cruz,87,44,1,5,1
3/30/20,Santa Cruz,87,45,1,1,0
3/31/20,Santa Cruz,87,49,1,4,0
4/1/20,Santa Cruz,87,54,1,5,0
4/2/20,Santa Cruz,87,57,1,3,0
4/3/20,Santa Cruz,87,59,1,2,0
4/4/20,Santa Cruz,87,62,1,3,0
4/5/20,Santa Cruz,87,69,1,7,0
4/6/20,Santa Cruz,87,71,1,2,0
4/7/20,Santa Cruz,87,76,1,5,0
4/8/20,Santa Cruz,87,76,1,0,0
4/9/20,Santa Cruz,87,80,1,4,0
4/10/20,Santa Cruz,87,82,1,2,0
4/11/20,Santa Cruz,87,82,1,0,0
4/12/20,Santa Cruz,87,88,1,6,0
4/13/20,Santa Cruz,87,91,1,3,0
4/14/20,Santa Cruz,87,91,2,0,1
4/15/20,Santa Cruz,87,96,2,5,0
4/16/20,Santa Cruz,87,96,2,0,0
4/17/20,Santa Cruz,87,98,2,2,0
4/18/20,Santa Cruz,87,101,2,3,0
4/19/20,Santa Cruz,87,104,2,3,0
4/20/20,Santa Cruz,87,106,2,2,0
4/21/20,Santa Cruz,87,108,2,2,0
4/22/20,Santa Cruz,87,111,2,3,0
4/23/20,Santa Cruz,87,114,2,3,0
4/24/20,Santa Cruz,87,115,2,1,0
4/25/20,Santa Cruz,87,115,2,0,0
4/26/20,Santa Cruz,87,120,2,5,0
4/27/20,Santa Cruz,87,124,2,4,0
4/28/20,Santa Cruz,87,125,2,1,0
4/29/20,Santa Cruz,87,127,2,2,0
4/30/20,Santa Cruz,87,131,2,4,0
1/26/20,Shasta,89,0,0,,
1/31/20,Shasta,89,0,0,0,0
2/2/20,Shasta,89,0,0,0,0
2/20/20,Shasta,89,0,0,0,0
2/21/20,Shasta,89,0,0,0,0
2/26/20,Shasta,89,0,0,0,0
2/28/20,Shasta,89,0,0,0,0
2/29/20,Shasta,89,0,0,0,0
3/1/20,Shasta,89,0,0,0,0
3/2/20,Shasta,89,0,0,0,0
3/3/20,Shasta,89,0,0,0,0
3/4/20,Shasta,89,0,0,0,0
3/5/20,Shasta,89,0,0,0,0
3/6/20,Shasta,89,0,0,0,0
3/7/20,Shasta,89,0,0,0,0
3/8/20,Shasta,89,1,0,1,0
3/9/20,Shasta,89,1,0,0,0
3/10/20,Shasta,89,1,0,0,0
3/11/20,Shasta,89,1,0,0,0
3/12/20,Shasta,89,1,0,0,0
3/13/20,Shasta,89,1,0,0,0
3/14/20,Shasta,89,1,0,0,0
3/15/20,Shasta,89,1,0,0,0
3/16/20,Shasta,89,1,0,0,0
3/17/20,Shasta,89,1,0,0,0
3/18/20,Shasta,89,1,0,0,0
3/19/20,Shasta,89,1,0,0,0
3/20/20,Shasta,89,1,0,0,0
3/21/20,Shasta,89,1,0,0,0
3/22/20,Shasta,89,2,0,1,0
3/23/20,Shasta,89,3,0,1,0
3/24/20,Shasta,89,3,0,0,0
3/25/20,Shasta,89,3,1,0,1
3/26/20,Shasta,89,3,1,0,0
3/27/20,Shasta,89,3,1,0,0
3/28/20,Shasta,89,4,1,1,0
3/29/20,Shasta,89,4,1,0,0
3/30/20,Shasta,89,6,1,2,0
3/31/20,Shasta,89,7,1,1,0
4/1/20,Shasta,89,7,1,0,0
4/2/20,Shasta,89,11,1,4,0
4/3/20,Shasta,89,12,2,1,1
4/4/20,Shasta,89,17,2,5,0
4/5/20,Shasta,89,20,3,3,1
4/6/20,Shasta,89,21,3,1,0
4/7/20,Shasta,89,23,3,2,0
4/8/20,Shasta,89,24,3,1,0
4/9/20,Shasta,89,24,3,0,0
4/10/20,Shasta,89,24,3,0,0
4/11/20,Shasta,89,24,3,0,0
4/12/20,Shasta,89,24,3,0,0
4/13/20,Shasta,89,25,3,1,0
4/14/20,Shasta,89,25,3,0,0
4/15/20,Shasta,89,25,3,0,0
4/16/20,Shasta,89,26,3,1,0
4/17/20,Shasta,89,26,3,0,0
4/18/20,Shasta,89,26,3,0,0
4/19/20,Shasta,89,26,3,0,0
4/20/20,Shasta,89,26,3,0,0
4/21/20,Shasta,89,26,3,0,0
4/22/20,Shasta,89,27,3,1,0
4/23/20,Shasta,89,28,3,1,0
4/24/20,Shasta,89,30,4,2,1
4/25/20,Shasta,89,30,4,0,0
4/26/20,Shasta,89,30,4,0,0
4/27/20,Shasta,89,30,4,0,0
4/28/20,Shasta,89,31,4,1,0
4/29/20,Shasta,89,31,4,0,0
4/30/20,Shasta,89,31,4,0,0
4/29/20,Sierra,91,0,0,,
4/30/20,Sierra,91,0,0,0,0
3/21/20,Siskiyou,93,2,0,,
3/22/20,Siskiyou,93,2,0,0,0
3/23/20,Siskiyou,93,3,0,1,0
3/24/20,Siskiyou,93,3,0,0,0
3/25/20,Siskiyou,93,3,0,0,0
3/26/20,Siskiyou,93,3,0,0,0
3/27/20,Siskiyou,93,3,0,0,0
3/28/20,Siskiyou,93,3,0,0,0
3/29/20,Siskiyou,93,3,0,0,0
3/30/20,Siskiyou,93,3,0,0,0
3/31/20,Siskiyou,93,3,0,0,0
4/1/20,Siskiyou,93,3,0,0,0
4/2/20,Siskiyou,93,3,0,0,0
4/3/20,Siskiyou,93,3,0,0,0
4/4/20,Siskiyou,93,3,0,0,0
4/5/20,Siskiyou,93,3,0,0,0
4/6/20,Siskiyou,93,4,0,1,0
4/7/20,Siskiyou,93,4,0,0,0
4/8/20,Siskiyou,93,4,0,0,0
4/9/20,Siskiyou,93,4,0,0,0
4/10/20,Siskiyou,93,5,0,1,0
4/11/20,Siskiyou,93,5,0,0,0
4/12/20,Siskiyou,93,5,0,0,0
4/13/20,Siskiyou,93,5,0,0,0
4/14/20,Siskiyou,93,5,0,0,0
4/15/20,Siskiyou,93,5,0,0,0
4/16/20,Siskiyou,93,5,0,0,0
4/17/20,Siskiyou,93,5,0,0,0
4/18/20,Siskiyou,93,5,0,0,0
4/19/20,Siskiyou,93,5,0,0,0
4/20/20,Siskiyou,93,5,0,0,0
4/21/20,Siskiyou,93,5,0,0,0
4/22/20,Siskiyou,93,5,0,0,0
4/23/20,Siskiyou,93,5,0,0,0
4/24/20,Siskiyou,93,5,0,0,0
4/25/20,Siskiyou,93,5,0,0,0
4/26/20,Siskiyou,93,5,0,0,0
4/27/20,Siskiyou,93,5,0,0,0
4/28/20,Siskiyou,93,5,0,0,0
4/29/20,Siskiyou,93,5,0,0,0
4/30/20,Siskiyou,93,5,0,0,0
1/26/20,Solano,95,0,0,,
1/31/20,Solano,95,0,0,0,0
2/2/20,Solano,95,0,0,0,0
2/20/20,Solano,95,0,0,0,0
2/21/20,Solano,95,0,0,0,0
2/26/20,Solano,95,1,0,1,0
2/27/20,Solano,95,1,0,0,0
2/28/20,Solano,95,2,0,1,0
2/29/20,Solano,95,2,0,0,0
3/1/20,Solano,95,3,0,1,0
3/2/20,Solano,95,3,0,0,0
3/3/20,Solano,95,3,0,0,0
3/4/20,Solano,95,3,0,0,0
3/5/20,Solano,95,3,0,0,0
3/6/20,Solano,95,3,0,0,0
3/7/20,Solano,95,3,0,0,0
3/8/20,Solano,95,3,0,0,0
3/9/20,Solano,95,6,0,3,0
3/10/20,Solano,95,6,0,0,0
3/11/20,Solano,95,6,0,0,0
3/12/20,Solano,95,6,0,0,0
3/13/20,Solano,95,6,0,0,0
3/14/20,Solano,95,6,0,0,0
3/15/20,Solano,95,6,0,0,0
3/16/20,Solano,95,9,0,3,0
3/17/20,Solano,95,8,0,-1,0
3/18/20,Solano,95,8,0,0,0
3/19/20,Solano,95,10,0,2,0
3/20/20,Solano,95,13,0,3,0
3/21/20,Solano,95,14,0,1,0
3/22/20,Solano,95,14,0,0,0
3/23/20,Solano,95,21,0,7,0
3/24/20,Solano,95,24,0,3,0
3/25/20,Solano,95,31,0,7,0
3/26/20,Solano,95,34,0,3,0
3/27/20,Solano,95,34,0,0,0
3/28/20,Solano,95,34,0,0,0
3/29/20,Solano,95,34,0,0,0
3/30/20,Solano,95,43,0,9,0
3/31/20,Solano,95,49,0,6,0
4/1/20,Solano,95,54,0,5,0
4/2/20,Solano,95,61,1,7,1
4/3/20,Solano,95,73,1,12,0
4/4/20,Solano,95,73,1,0,0
4/5/20,Solano,95,73,1,0,0
4/6/20,Solano,95,88,1,15,0
4/7/20,Solano,95,99,2,11,1
4/8/20,Solano,95,112,2,13,0
4/9/20,Solano,95,115,2,3,0
4/10/20,Solano,95,121,2,6,0
4/11/20,Solano,95,121,2,0,0
4/12/20,Solano,95,121,2,0,0
4/13/20,Solano,95,135,2,14,0
4/14/20,Solano,95,140,2,5,0
4/15/20,Solano,95,141,2,1,0
4/16/20,Solano,95,156,2,15,0
4/17/20,Solano,95,169,2,13,0
4/18/20,Solano,95,169,2,0,0
4/19/20,Solano,95,169,2,0,0
4/20/20,Solano,95,180,2,11,0
4/21/20,Solano,95,181,3,1,1
4/22/20,Solano,95,186,3,5,0
4/23/20,Solano,95,191,4,5,1
4/24/20,Solano,95,199,4,8,0
4/25/20,Solano,95,199,4,0,0
4/26/20,Solano,95,199,4,0,0
4/27/20,Solano,95,226,4,27,0
4/28/20,Solano,95,249,4,23,0
4/29/20,Solano,95,254,5,5,1
4/30/20,Solano,95,263,5,9,0
1/26/20,Sonoma,97,0,0,,
1/31/20,Sonoma,97,0,0,0,0
2/2/20,Sonoma,97,0,0,0,0
2/20/20,Sonoma,97,0,0,0,0
2/21/20,Sonoma,97,0,0,0,0
2/26/20,Sonoma,97,0,0,0,0
2/28/20,Sonoma,97,0,0,0,0
2/29/20,Sonoma,97,0,0,0,0
3/1/20,Sonoma,97,0,0,0,0
3/2/20,Sonoma,97,1,0,1,0
3/3/20,Sonoma,97,1,0,0,0
3/4/20,Sonoma,97,2,0,1,0
3/5/20,Sonoma,97,2,0,0,0
3/6/20,Sonoma,97,2,0,0,0
3/7/20,Sonoma,97,2,0,0,0
3/8/20,Sonoma,97,2,0,0,0
3/9/20,Sonoma,97,2,0,0,0
3/10/20,Sonoma,97,2,0,0,0
3/11/20,Sonoma,97,2,0,0,0
3/12/20,Sonoma,97,2,0,0,0
3/13/20,Sonoma,97,2,0,0,0
3/14/20,Sonoma,97,4,0,2,0
3/15/20,Sonoma,97,4,0,0,0
3/16/20,Sonoma,97,7,0,3,0
3/17/20,Sonoma,97,9,0,2,0
3/18/20,Sonoma,97,9,0,0,0
3/19/20,Sonoma,97,11,0,2,0
3/20/20,Sonoma,97,22,1,11,1
3/21/20,Sonoma,97,24,1,2,0
3/22/20,Sonoma,97,27,1,3,0
3/23/20,Sonoma,97,29,1,2,0
3/24/20,Sonoma,97,34,1,5,0
3/25/20,Sonoma,97,39,1,5,0
3/26/20,Sonoma,97,49,1,10,0
3/27/20,Sonoma,97,54,1,5,0
3/28/20,Sonoma,97,54,1,0,0
3/29/20,Sonoma,97,58,1,4,0
3/30/20,Sonoma,97,73,1,15,0
3/31/20,Sonoma,97,85,1,12,0
4/1/20,Sonoma,97,91,1,6,0
4/2/20,Sonoma,97,95,1,4,0
4/3/20,Sonoma,97,105,1,10,0
4/4/20,Sonoma,97,107,1,2,0
4/5/20,Sonoma,97,107,1,0,0
4/6/20,Sonoma,97,115,1,8,0
4/7/20,Sonoma,97,120,1,5,0
4/8/20,Sonoma,97,136,1,16,0
4/9/20,Sonoma,97,142,1,6,0
4/10/20,Sonoma,97,145,2,3,1
4/11/20,Sonoma,97,145,2,0,0
4/12/20,Sonoma,97,147,2,2,0
4/13/20,Sonoma,97,152,2,5,0
4/14/20,Sonoma,97,160,2,8,0
4/15/20,Sonoma,97,163,2,3,0
4/16/20,Sonoma,97,172,2,9,0
4/17/20,Sonoma,97,180,2,8,0
4/18/20,Sonoma,97,180,2,0,0
4/19/20,Sonoma,97,181,2,1,0
4/20/20,Sonoma,97,182,2,1,0
4/21/20,Sonoma,97,192,2,10,0
4/22/20,Sonoma,97,194,2,2,0
4/23/20,Sonoma,97,216,2,22,0
4/24/20,Sonoma,97,217,2,1,0
4/25/20,Sonoma,97,218,2,1,0
4/26/20,Sonoma,97,220,2,2,0
4/27/20,Sonoma,97,222,2,2,0
4/28/20,Sonoma,97,228,2,6,0
4/29/20,Sonoma,97,232,2,4,0
4/30/20,Sonoma,97,244,2,12,0
1/26/20,Stanislaus,99,0,0,,
1/31/20,Stanislaus,99,0,0,0,0
2/2/20,Stanislaus,99,0,0,0,0
2/20/20,Stanislaus,99,0,0,0,0
2/21/20,Stanislaus,99,0,0,0,0
2/26/20,Stanislaus,99,0,0,0,0
2/28/20,Stanislaus,99,0,0,0,0
2/29/20,Stanislaus,99,0,0,0,0
3/1/20,Stanislaus,99,0,0,0,0
3/2/20,Stanislaus,99,0,0,0,0
3/3/20,Stanislaus,99,0,0,0,0
3/4/20,Stanislaus,99,0,0,0,0
3/5/20,Stanislaus,99,0,0,0,0
3/6/20,Stanislaus,99,0,0,0,0
3/7/20,Stanislaus,99,0,0,0,0
3/8/20,Stanislaus,99,0,0,0,0
3/9/20,Stanislaus,99,0,0,0,0
3/10/20,Stanislaus,99,0,0,0,0
3/11/20,Stanislaus,99,2,0,2,0
3/12/20,Stanislaus,99,2,0,0,0
3/13/20,Stanislaus,99,2,0,0,0
3/14/20,Stanislaus,99,2,0,0,0
3/15/20,Stanislaus,99,2,0,0,0
3/16/20,Stanislaus,99,3,0,1,0
3/17/20,Stanislaus,99,3,0,0,0
3/18/20,Stanislaus,99,5,0,2,0
3/19/20,Stanislaus,99,5,0,0,0
3/20/20,Stanislaus,99,5,0,0,0
3/21/20,Stanislaus,99,5,0,0,0
3/22/20,Stanislaus,99,8,0,3,0
3/23/20,Stanislaus,99,10,0,2,0
3/24/20,Stanislaus,99,11,0,1,0
3/25/20,Stanislaus,99,12,0,1,0
3/26/20,Stanislaus,99,17,0,5,0
3/27/20,Stanislaus,99,23,0,6,0
3/28/20,Stanislaus,99,29,0,6,0
3/29/20,Stanislaus,99,31,0,2,0
3/30/20,Stanislaus,99,33,0,2,0
3/31/20,Stanislaus,99,40,0,7,0
4/1/20,Stanislaus,99,44,0,4,0
4/2/20,Stanislaus,99,51,0,7,0
4/3/20,Stanislaus,99,58,0,7,0
4/4/20,Stanislaus,99,65,0,7,0
4/5/20,Stanislaus,99,71,0,6,0
4/6/20,Stanislaus,99,81,0,10,0
4/7/20,Stanislaus,99,90,0,9,0
4/8/20,Stanislaus,99,95,0,5,0
4/9/20,Stanislaus,99,103,0,8,0
4/10/20,Stanislaus,99,116,1,13,1
4/11/20,Stanislaus,99,121,2,5,1
4/12/20,Stanislaus,99,131,2,10,0
4/13/20,Stanislaus,99,146,2,15,0
4/14/20,Stanislaus,99,163,4,17,2
4/15/20,Stanislaus,99,177,4,14,0
4/16/20,Stanislaus,99,187,4,10,0
4/17/20,Stanislaus,99,206,4,19,0
4/18/20,Stanislaus,99,221,4,15,0
4/19/20,Stanislaus,99,226,4,5,0
4/20/20,Stanislaus,99,232,4,6,0
4/21/20,Stanislaus,99,236,4,4,0
4/22/20,Stanislaus,99,251,5,15,1
4/23/20,Stanislaus,99,258,5,7,0
4/24/20,Stanislaus,99,264,5,6,0
4/25/20,Stanislaus,99,286,5,22,0
4/26/20,Stanislaus,99,294,5,8,0
4/27/20,Stanislaus,99,312,7,18,2
4/28/20,Stanislaus,99,324,10,12,3
4/29/20,Stanislaus,99,339,11,15,1
4/30/20,Stanislaus,99,374,13,35,2
3/25/20,Sutter,101,2,0,,
3/26/20,Sutter,101,2,0,0,0
3/27/20,Sutter,101,2,0,0,0
3/28/20,Sutter,101,6,0,4,0
3/29/20,Sutter,101,6,0,0,0
3/30/20,Sutter,101,9,0,3,0
3/31/20,Sutter,101,10,0,1,0
4/1/20,Sutter,101,14,1,4,1
4/2/20,Sutter,101,14,1,0,0
4/3/20,Sutter,101,16,1,2,0
4/4/20,Sutter,101,16,1,0,0
4/5/20,Sutter,101,16,2,0,1
4/6/20,Sutter,101,17,2,1,0
4/7/20,Sutter,101,19,2,2,0
4/8/20,Sutter,101,20,2,1,0
4/9/20,Sutter,101,22,2,2,0
4/10/20,Sutter,101,22,2,0,0
4/11/20,Sutter,101,22,2,0,0
4/12/20,Sutter,101,22,2,0,0
4/13/20,Sutter,101,23,2,1,0
4/14/20,Sutter,101,24,2,1,0
4/15/20,Sutter,101,24,2,0,0
4/16/20,Sutter,101,24,2,0,0
4/17/20,Sutter,101,25,2,1,0
4/18/20,Sutter,101,25,2,0,0
4/19/20,Sutter,101,26,2,1,0
4/20/20,Sutter,101,26,2,0,0
4/21/20,Sutter,101,26,2,0,0
4/22/20,Sutter,101,26,2,0,0
4/23/20,Sutter,101,28,2,2,0
4/24/20,Sutter,101,28,2,0,0
4/25/20,Sutter,101,29,2,1,0
4/26/20,Sutter,101,29,2,0,0
4/27/20,Sutter,101,29,2,0,0
4/28/20,Sutter,101,29,2,0,0
4/29/20,Sutter,101,30,2,1,0
4/30/20,Sutter,101,30,2,0,0
4/1/20,Tehama,103,1,0,,
4/2/20,Tehama,103,1,0,0,0
4/3/20,Tehama,103,1,0,0,0
4/4/20,Tehama,103,1,0,0,0
4/5/20,Tehama,103,1,0,0,0
4/6/20,Tehama,103,1,0,0,0
4/7/20,Tehama,103,1,0,0,0
4/8/20,Tehama,103,1,0,0,0
4/9/20,Tehama,103,1,0,0,0
4/10/20,Tehama,103,1,0,0,0
4/11/20,Tehama,103,1,0,0,0
4/12/20,Tehama,103,1,0,0,0
4/13/20,Tehama,103,1,0,0,0
4/14/20,Tehama,103,1,1,0,1
4/15/20,Tehama,103,1,1,0,0
4/16/20,Tehama,103,1,1,0,0
4/17/20,Tehama,103,1,1,0,0
4/18/20,Tehama,103,1,1,0,0
4/19/20,Tehama,103,1,1,0,0
4/20/20,Tehama,103,1,1,0,0
4/21/20,Tehama,103,1,1,0,0
4/22/20,Tehama,103,1,1,0,0
4/23/20,Tehama,103,1,1,0,0
4/24/20,Tehama,103,1,1,0,0
4/25/20,Tehama,103,1,1,0,0
4/26/20,Tehama,103,1,1,0,0
4/27/20,Tehama,103,1,1,0,0
4/28/20,Tehama,103,1,1,0,0
4/29/20,Tehama,103,1,1,0,0
4/30/20,Tehama,103,1,1,0,0
4/29/20,Trinity,105,0,0,,
4/30/20,Trinity,105,0,0,0,0
3/11/20,Tulare,107,1,0,,
3/12/20,Tulare,107,1,0,0,0
3/13/20,Tulare,107,1,0,0,0
3/14/20,Tulare,107,2,0,1,0
3/15/20,Tulare,107,3,0,1,0
3/16/20,Tulare,107,3,0,0,0
3/17/20,Tulare,107,3,0,0,0
3/18/20,Tulare,107,5,0,2,0
3/19/20,Tulare,107,7,0,2,0
3/20/20,Tulare,107,11,0,4,0
3/21/20,Tulare,107,11,0,0,0
3/22/20,Tulare,107,12,0,1,0
3/23/20,Tulare,107,16,0,4,0
3/24/20,Tulare,107,17,0,1,0
3/25/20,Tulare,107,18,0,1,0
3/26/20,Tulare,107,20,0,2,0
3/27/20,Tulare,107,24,0,4,0
3/28/20,Tulare,107,29,1,5,1
3/29/20,Tulare,107,35,1,6,0
3/30/20,Tulare,107,43,1,8,0
3/31/20,Tulare,107,45,1,2,0
4/1/20,Tulare,107,59,2,14,1
4/2/20,Tulare,107,74,2,15,0
4/3/20,Tulare,107,81,3,7,1
4/4/20,Tulare,107,107,5,26,2
4/5/20,Tulare,107,116,5,9,0
4/6/20,Tulare,107,135,6,19,1
4/7/20,Tulare,107,157,6,22,0
4/8/20,Tulare,107,168,9,11,3
4/9/20,Tulare,107,187,10,19,1
4/10/20,Tulare,107,203,11,16,1
4/11/20,Tulare,107,227,11,24,0
4/12/20,Tulare,107,227,11,0,0
4/13/20,Tulare,107,264,13,37,2
4/14/20,Tulare,107,296,13,32,0
4/15/20,Tulare,107,352,15,56,2
4/16/20,Tulare,107,372,17,20,2
4/17/20,Tulare,107,382,17,10,0
4/18/20,Tulare,107,397,17,15,0
4/19/20,Tulare,107,411,17,14,0
4/20/20,Tulare,107,422,18,11,1
4/21/20,Tulare,107,436,22,14,4
4/22/20,Tulare,107,441,25,5,3
4/23/20,Tulare,107,453,25,12,0
4/24/20,Tulare,107,472,28,19,3
4/25/20,Tulare,107,491,32,19,4
4/26/20,Tulare,107,504,32,13,0
4/27/20,Tulare,107,532,32,28,0
4/28/20,Tulare,107,578,35,46,3
4/29/20,Tulare,107,626,36,48,1
4/30/20,Tulare,107,640,40,14,4
3/30/20,Tuolumne,109,1,0,,
3/31/20,Tuolumne,109,1,0,0,0
4/1/20,Tuolumne,109,1,0,0,0
4/2/20,Tuolumne,109,1,0,0,0
4/3/20,Tuolumne,109,1,0,0,0
4/4/20,Tuolumne,109,1,0,0,0
4/5/20,Tuolumne,109,1,0,0,0
4/6/20,Tuolumne,109,1,0,0,0
4/7/20,Tuolumne,109,1,0,0,0
4/8/20,Tuolumne,109,1,0,0,0
4/9/20,Tuolumne,109,1,0,0,0
4/10/20,Tuolumne,109,1,0,0,0
4/11/20,Tuolumne,109,1,0,0,0
4/12/20,Tuolumne,109,1,0,0,0
4/13/20,Tuolumne,109,1,0,0,0
4/14/20,Tuolumne,109,2,0,1,0
4/15/20,Tuolumne,109,2,0,0,0
4/16/20,Tuolumne,109,2,0,0,0
4/17/20,Tuolumne,109,2,0,0,0
4/18/20,Tuolumne,109,2,0,0,0
4/19/20,Tuolumne,109,2,0,0,0
4/20/20,Tuolumne,109,2,0,0,0
4/21/20,Tuolumne,109,2,0,0,0
4/22/20,Tuolumne,109,2,0,0,0
4/23/20,Tuolumne,109,2,0,0,0
4/24/20,Tuolumne,109,2,0,0,0
4/25/20,Tuolumne,109,3,0,1,0
4/26/20,Tuolumne,109,3,0,0,0
4/27/20,Tuolumne,109,4,0,1,0
4/28/20,Tuolumne,109,4,0,0,0
4/29/20,Tuolumne,109,4,0,0,0
4/30/20,Tuolumne,109,4,0,0,0
1/26/20,Ventura,111,0,0,,
1/31/20,Ventura,111,0,0,0,0
2/2/20,Ventura,111,0,0,0,0
2/20/20,Ventura,111,0,0,0,0
2/21/20,Ventura,111,0,0,0,0
2/26/20,Ventura,111,0,0,0,0
2/28/20,Ventura,111,0,0,0,0
2/29/20,Ventura,111,0,0,0,0
3/1/20,Ventura,111,0,0,0,0
3/2/20,Ventura,111,0,0,0,0
3/3/20,Ventura,111,0,0,0,0
3/4/20,Ventura,111,0,0,0,0
3/5/20,Ventura,111,0,0,0,0
3/6/20,Ventura,111,1,0,1,0
3/7/20,Ventura,111,1,0,0,0
3/8/20,Ventura,111,1,0,0,0
3/9/20,Ventura,111,1,0,0,0
3/10/20,Ventura,111,1,0,0,0
3/11/20,Ventura,111,2,0,1,0
3/12/20,Ventura,111,3,0,1,0
3/13/20,Ventura,111,5,0,2,0
3/14/20,Ventura,111,4,0,-1,0
3/15/20,Ventura,111,4,0,0,0
3/16/20,Ventura,111,4,0,0,0
3/17/20,Ventura,111,10,0,6,0
3/18/20,Ventura,111,13,0,3,0
3/19/20,Ventura,111,17,0,4,0
3/20/20,Ventura,111,19,0,2,0
3/21/20,Ventura,111,26,0,7,0
3/22/20,Ventura,111,30,1,4,1
3/23/20,Ventura,111,35,1,5,0
3/24/20,Ventura,111,39,1,4,0
3/25/20,Ventura,111,50,1,11,0
3/26/20,Ventura,111,61,1,11,0
3/27/20,Ventura,111,83,3,22,2
3/28/20,Ventura,111,98,3,15,0
3/29/20,Ventura,111,109,4,11,1
3/30/20,Ventura,111,126,4,17,0
3/31/20,Ventura,111,149,5,23,1
4/1/20,Ventura,111,160,5,11,0
4/2/20,Ventura,111,177,6,17,1
4/3/20,Ventura,111,189,6,12,0
4/4/20,Ventura,111,203,6,14,0
4/5/20,Ventura,111,221,6,18,0
4/6/20,Ventura,111,226,6,5,0
4/7/20,Ventura,111,243,6,17,0
4/8/20,Ventura,111,263,7,20,1
4/9/20,Ventura,111,274,7,11,0
4/10/20,Ventura,111,298,10,24,3
4/11/20,Ventura,111,309,10,11,0
4/12/20,Ventura,111,314,10,5,0
4/13/20,Ventura,111,317,10,3,0
4/14/20,Ventura,111,350,13,33,3
4/15/20,Ventura,111,365,13,15,0
4/16/20,Ventura,111,384,13,19,0
4/17/20,Ventura,111,396,13,12,0
4/18/20,Ventura,111,416,13,20,0
4/19/20,Ventura,111,422,13,6,0
4/20/20,Ventura,111,428,13,6,0
4/21/20,Ventura,111,443,13,15,0
4/22/20,Ventura,111,451,14,8,1
4/23/20,Ventura,111,465,16,14,2
4/24/20,Ventura,111,476,16,11,0
4/25/20,Ventura,111,496,16,20,0
4/26/20,Ventura,111,497,17,1,1
4/27/20,Ventura,111,503,17,6,0
4/28/20,Ventura,111,508,17,5,0
4/29/20,Ventura,111,517,17,9,0
4/30/20,Ventura,111,535,18,18,1
1/26/20,Yolo,113,0,0,,
1/31/20,Yolo,113,0,0,0,0
2/2/20,Yolo,113,0,0,0,0
2/20/20,Yolo,113,0,0,0,0
2/21/20,Yolo,113,0,0,0,0
2/26/20,Yolo,113,0,0,0,0
2/28/20,Yolo,113,0,0,0,0
2/29/20,Yolo,113,0,0,0,0
3/1/20,Yolo,113,0,0,0,0
3/2/20,Yolo,113,0,0,0,0
3/3/20,Yolo,113,0,0,0,0
3/4/20,Yolo,113,0,0,0,0
3/5/20,Yolo,113,0,0,0,0
3/6/20,Yolo,113,1,0,1,0
3/7/20,Yolo,113,1,0,0,0
3/8/20,Yolo,113,1,0,0,0
3/9/20,Yolo,113,1,0,0,0
3/10/20,Yolo,113,1,0,0,0
3/11/20,Yolo,113,1,0,0,0
3/12/20,Yolo,113,1,0,0,0
3/13/20,Yolo,113,2,0,1,0
3/14/20,Yolo,113,2,0,0,0
3/15/20,Yolo,113,2,0,0,0
3/16/20,Yolo,113,2,0,0,0
3/17/20,Yolo,113,4,0,2,0
3/18/20,Yolo,113,5,0,1,0
3/19/20,Yolo,113,5,0,0,0
3/20/20,Yolo,113,6,0,1,0
3/21/20,Yolo,113,6,0,0,0
3/22/20,Yolo,113,6,1,0,1
3/23/20,Yolo,113,8,1,2,0
3/24/20,Yolo,113,10,1,2,0
3/25/20,Yolo,113,11,1,1,0
3/26/20,Yolo,113,11,1,0,0
3/27/20,Yolo,113,16,1,5,0
3/28/20,Yolo,113,16,1,0,0
3/29/20,Yolo,113,16,1,0,0
3/30/20,Yolo,113,24,1,8,0
3/31/20,Yolo,113,25,1,1,0
4/1/20,Yolo,113,28,1,3,0
4/2/20,Yolo,113,33,1,5,0
4/3/20,Yolo,113,33,1,0,0
4/4/20,Yolo,113,37,1,4,0
4/5/20,Yolo,113,37,1,0,0
4/6/20,Yolo,113,50,1,13,0
4/7/20,Yolo,113,56,2,6,1
4/8/20,Yolo,113,67,3,11,1
4/9/20,Yolo,113,71,3,4,0
4/10/20,Yolo,113,75,3,4,0
4/11/20,Yolo,113,88,3,13,0
4/12/20,Yolo,113,93,3,5,0
4/13/20,Yolo,113,101,4,8,1
4/14/20,Yolo,113,102,4,1,0
4/15/20,Yolo,113,116,7,14,3
4/16/20,Yolo,113,125,7,9,0
4/17/20,Yolo,113,126,8,1,1
4/18/20,Yolo,113,126,8,0,0
4/19/20,Yolo,113,137,9,11,1
4/20/20,Yolo,113,142,10,5,1
4/21/20,Yolo,113,146,10,4,0
4/22/20,Yolo,113,151,12,5,2
4/23/20,Yolo,113,155,12,4,0
4/24/20,Yolo,113,157,13,2,1
4/25/20,Yolo,113,158,13,1,0
4/26/20,Yolo,113,161,14,3,1
4/27/20,Yolo,113,161,16,0,2
4/28/20,Yolo,113,162,16,1,0
4/29/20,Yolo,113,163,16,1,0
4/30/20,Yolo,113,164,16,1,0
3/21/20,Yuba,115,2,0,,
3/22/20,Yuba,115,3,0,1,0
3/23/20,Yuba,115,3,0,0,0
3/24/20,Yuba,115,3,0,0,0
3/25/20,Yuba,115,3,0,0,0
3/26/20,Yuba,115,3,0,0,0
3/27/20,Yuba,115,3,0,0,0
3/28/20,Yuba,115,3,0,0,0
3/29/20,Yuba,115,4,0,1,0
3/30/20,Yuba,115,6,0,2,0
3/31/20,Yuba,115,7,0,1,0
4/1/20,Yuba,115,8,0,1,0
4/2/20,Yuba,115,8,0,0,0
4/3/20,Yuba,115,9,0,1,0
4/4/20,Yuba,115,9,0,0,0
4/5/20,Yuba,115,10,0,1,0
4/6/20,Yuba,115,11,0,1,0
4/7/20,Yuba,115,13,0,2,0
4/8/20,Yuba,115,15,0,2,0
4/9/20,Yuba,115,15,0,0,0
4/10/20,Yuba,115,15,1,0,1
4/11/20,Yuba,115,15,1,0,0
4/12/20,Yuba,115,15,1,0,0
4/13/20,Yuba,115,15,1,0,0
4/14/20,Yuba,115,15,1,0,0
4/15/20,Yuba,115,15,1,0,0
4/16/20,Yuba,115,15,1,0,0
4/17/20,Yuba,115,15,1,0,0
4/18/20,Yuba,115,16,1,1,0
4/19/20,Yuba,115,16,1,0,0
4/20/20,Yuba,115,16,1,0,0
4/21/20,Yuba,115,16,1,0,0
4/22/20,Yuba,115,16,1,0,0
4/23/20,Yuba,115,16,1,0,0
4/24/20,Yuba,115,16,1,0,0
4/25/20,Yuba,115,16,1,0,0
4/26/20,Yuba,115,16,1,0,0
4/27/20,Yuba,115,16,1,0,0
4/28/20,Yuba,115,17,1,1,0
4/29/20,Yuba,115,17,1,0,0
4/30/20,Yuba,115,18,1,1,0